{
    "trick_name": "indu_form",
    "original_formula": "sin(2*k*pi + α) == sin(α)",
    "results": {
        "sin(2*k*pi + α) == sin(α)": {
            "0": {
                "formula": {
                    "left": "sin(2*k*pi + α)",
                    "right": "sin(α)"
                },
                "fusion_operands": [
                    "(Eq(sin(alpha + 2*pi*k), sin(alpha))) + (sin(2*k*pi + α) == sin(α))"
                ],
                "complexity": {
                    "find_right_operand": 3,
                    "concatenate_formulas": 2,
                    "extract_factors": 0,
                    "generate_formulas": 0
                }
            },
            "1": {
                "formula": {
                    "left": "sin(2*k*pi + α)",
                    "right": "sin(α)"
                },
                "fusion_operands": [
                    "['sin(alpha)']"
                ],
                "complexity": {
                    "find_right_operand": 3,
                    "concatenate_formulas": 2,
                    "extract_factors": 0,
                    "generate_formulas": 0
                }
            },
            "2": {
                "formula": {
                    "left": "sin(2*k*pi + α)",
                    "right": "sin(α)"
                },
                "fusion_operands": [
                    "['sin(alpha)']"
                ],
                "complexity": {
                    "find_right_operand": 3,
                    "concatenate_formulas": 2,
                    "extract_factors": 0,
                    "generate_formulas": 0
                }
            },
            "3": {
                "formula": {
                    "left": "sin(2*k*pi + α)",
                    "right": "sin(α)"
                },
                "fusion_operands": [
                    "(Eq(sin(alpha + 2*pi*k), sin(alpha))) + (sin(2*k*pi + α) == sin(α))"
                ],
                "complexity": {
                    "find_right_operand": 3,
                    "concatenate_formulas": 2,
                    "extract_factors": 0,
                    "generate_formulas": 0
                }
            },
            "4": {
                "formula": {
                    "left": "sin(2*k*pi + α)",
                    "right": "sin(α)"
                },
                "fusion_operands": [
                    "['sin(alpha)']"
                ],
                "complexity": {
                    "find_right_operand": 3,
                    "concatenate_formulas": 2,
                    "extract_factors": 0,
                    "generate_formulas": 0
                }
            }
        }
    }
}