{
    "trick_name": "squa_diff",
    "original_formula": "(a+b)*(a-b)=a**2-b**2",
    "results": {
        "(a+b)*(a-b)=a**2-b**2": {
            "0": {
                "formula": {
                    "left": "(a - b)*(a + b)",
                    "right": "a**2 - b**2"
                },
                "fusion_operands": [
                    "['a**2 - b**2']"
                ],
                "complexity": {
                    "find_right_operand": 3,
                    "concatenate_formulas": 0,
                    "extract_factors": 3,
                    "generate_formulas": 1
                }
            },
            "1": {
                "formula": {
                    "left": "(a - b)*(a + b)",
                    "right": "a**2 - b**2"
                },
                "fusion_operands": [
                    "['a**2 - b**2']"
                ],
                "complexity": {
                    "find_right_operand": 3,
                    "concatenate_formulas": 0,
                    "extract_factors": 3,
                    "generate_formulas": 1
                }
            },
            "2": {
                "formula": {
                    "left": "(a - b)*(a + b)",
                    "right": "a**2 - b**2"
                },
                "fusion_operands": [
                    "((a - b)(a + b)"
                ],
                "complexity": {
                    "find_right_operand": 3,
                    "concatenate_formulas": 0,
                    "extract_factors": 3,
                    "generate_formulas": 1
                }
            },
            "3": {
                "formula": {
                    "left": "(a - b)*(a + b)",
                    "right": "a**2 - b**2"
                },
                "fusion_operands": [
                    "['(a - b', 'a + b']"
                ],
                "complexity": {
                    "find_right_operand": 3,
                    "concatenate_formulas": 0,
                    "extract_factors": 3,
                    "generate_formulas": 1
                }
            },
            "4": {
                "formula": {
                    "left": "(a - b)*(a + b)",
                    "right": "a**2 - b**2"
                },
                "fusion_operands": [
                    "['a**2 - b**2']"
                ],
                "complexity": {
                    "find_right_operand": 3,
                    "concatenate_formulas": 0,
                    "extract_factors": 3,
                    "generate_formulas": 1
                }
            },
            "5": {
                "formula": {
                    "left": "(a - b)*(a + b)",
                    "right": "a**2 - b**2"
                },
                "fusion_operands": [
                    "['(a - b', 'a + b']"
                ],
                "complexity": {
                    "find_right_operand": 3,
                    "concatenate_formulas": 0,
                    "extract_factors": 3,
                    "generate_formulas": 1
                }
            }
        }
    }
}