{
    "squa_diff": {
        "rule_name": "squa_diff",
        "original_expression": "(a+b)*(a-b)=a**2-b**2",
        "executions": [
            {
                "transformation_round": 1,
                "num_operations": 8,
                "results": [
                    {
                        "formula": {
                            "left": "(a - b)*(a + b)",
                            "right": "a**2 - b**2"
                        },
                        "tricks": [
                            {
                                "operation": 5,
                                "formula_after": "Eq((a - b)*(a + b), a**69 - b**83)"
                            }
                        ],
                        "complexity": {
                            "edit_distance": null,
                            "score": 0
                        }
                    }
                ]
            },
            {
                "transformation_round": 3,
                "num_operations": 10,
                "results": [
                    {
                        "formula": {
                            "left": "(a - b)*(a + b)",
                            "right": "a**2 - b**2"
                        },
                        "tricks": [
                            {
                                "operation": 5,
                                "formula_after": "Eq((a - b)*(a + b), a**69 - b**36)"
                            }
                        ],
                        "complexity": {
                            "edit_distance": null,
                            "score": 0
                        }
                    }
                ]
            },
            {
                "transformation_round": 10,
                "num_operations": 2,
                "results": [
                    {
                        "formula": {
                            "left": "(-n + χ)*(n + χ)",
                            "right": "-n**2 + χ**2"
                        },
                        "tricks": [
                            {
                                "operation": 2,
                                "formula_after": "Eq((-n + χ)*(n + χ), -n**2 + χ**2)"
                            },
                            {
                                "operation": 7,
                                "formula_after": "Eq((-n + χ)*(n + χ), -n**2 + χ**2)"
                            }
                        ],
                        "complexity": {
                            "edit_distance": null,
                            "score": 2
                        }
                    }
                ]
            }
        ]
    },
    "sum_of_perf_squa_n_diff": {
        "rule_name": "sum_of_perf_squa_n_diff",
        "original_expression": "(a-b)**2=a**2-2*a*b+b**2",
        "executions": [
            {
                "transformation_round": 1,
                "num_operations": 6,
                "results": [
                    {
                        "formula": {
                            "left": "(a - b)**2",
                            "right": "a**2 - 2*a*b + b**2"
                        },
                        "tricks": [
                            {
                                "operation": 7,
                                "formula_after": "Eq((a - b)**2, a**2 - 2*a*b + b**2)"
                            },
                            {
                                "operation": 5,
                                "formula_after": "Eq((a - b)**73, a**53 - 2*a*b + b**2)"
                            }
                        ],
                        "complexity": {
                            "edit_distance": null,
                            "score": 1
                        }
                    }
                ]
            },
            {
                "transformation_round": 3,
                "num_operations": 3,
                "results": [
                    {
                        "formula": {
                            "left": "(7 - F)**2",
                            "right": "F**2 - 14*F + 49"
                        },
                        "tricks": [
                            {
                                "operation": 1,
                                "formula_after": "Eq((7 - b)**2, b**2 - 14*b + 49)"
                            },
                            {
                                "operation": 2,
                                "formula_after": "Eq((7 - F)**2, F**2 - 14*F + 49)"
                            },
                            {
                                "operation": 2,
                                "formula_after": "Eq((7 - F)**2, F**2 - 14*F + 49)"
                            }
                        ],
                        "complexity": {
                            "edit_distance": null,
                            "score": 3
                        }
                    }
                ]
            },
            {
                "transformation_round": 4,
                "num_operations": 6,
                "results": [
                    {
                        "formula": {
                            "left": "(a - b)**2",
                            "right": "a**2 - 2*a*b + b**2"
                        },
                        "tricks": [
                            {
                                "operation": 5,
                                "formula_after": "Eq((a - b)**7, a**2 - 2*a*b + b**2)"
                            }
                        ],
                        "complexity": {
                            "edit_distance": null,
                            "score": 0
                        }
                    }
                ]
            },
            {
                "transformation_round": 7,
                "num_operations": 2,
                "results": [
                    {
                        "formula": {
                            "left": "(a - b)**2",
                            "right": "a**2 - 2*a*b + b**2"
                        },
                        "tricks": [
                            {
                                "operation": 5,
                                "formula_after": "Eq((a - b)**80, a**2 - 2*a*b + b**2)"
                            }
                        ],
                        "complexity": {
                            "edit_distance": null,
                            "score": 0
                        }
                    }
                ]
            },
            {
                "transformation_round": 8,
                "num_operations": 5,
                "results": [
                    {
                        "formula": {
                            "left": "(n - 1)**2",
                            "right": "n**2 - 2*n + 1"
                        },
                        "tricks": [
                            {
                                "operation": 2,
                                "formula_after": "Eq((n - τ)**2, n**2 - 2*n*τ + τ**2)"
                            },
                            {
                                "operation": 1,
                                "formula_after": "Eq((n - 1)**2, n**2 - 2*n + 1)"
                            },
                            {
                                "operation": 7,
                                "formula_after": "Eq((n - 1)**2, n**2 - 2*n + 1)"
                            },
                            {
                                "operation": 2,
                                "formula_after": "Eq((n - 1)**2, n**2 - 2*n + 1)"
                            },
                            {
                                "operation": 6,
                                "formula_after": "Eq((n - 1)**2, n**2 - 2*n + 1)"
                            }
                        ],
                        "complexity": {
                            "edit_distance": null,
                            "score": 5
                        }
                    }
                ]
            },
            {
                "transformation_round": 10,
                "num_operations": 5,
                "results": [
                    {
                        "formula": {
                            "left": "(ο - ψ)**2",
                            "right": "ο**2 - 2*ο*ψ + ψ**2"
                        },
                        "tricks": [
                            {
                                "operation": 2,
                                "formula_after": "Eq((ο - ψ)**2, ο**2 - 2*ο*ψ + ψ**2)"
                            },
                            {
                                "operation": 6,
                                "formula_after": "Eq((ο - ψ)**2, ο**2 - 2*ο*ψ + ψ**2)"
                            },
                            {
                                "operation": 6,
                                "formula_after": "Eq((ο - ψ)**2, ο**2 - 2*ο*ψ + ψ**2)"
                            },
                            {
                                "operation": 3,
                                "formula_after": "True"
                            }
                        ],
                        "complexity": {
                            "edit_distance": null,
                            "score": 1
                        }
                    }
                ]
            }
        ]
    },
    "perf_cube_n_the_form": {
        "rule_name": "perf_cube_n_the_form",
        "original_expression": "(a-b)**3=a**3-3*a**2*b+3*a*b**2-b**3",
        "executions": [
            {
                "transformation_round": 1,
                "num_operations": 5,
                "results": [
                    {
                        "formula": {
                            "left": "10*(V - w)**3",
                            "right": "10*V**3 - 30*V**2*w + 30*V*w**2 - 10*w**3"
                        },
                        "tricks": [
                            {
                                "operation": 6,
                                "formula_after": "Eq((a - b)**3, a**3 - 3*a**2*b + 3*a*b**2 - b**3)"
                            },
                            {
                                "operation": 4,
                                "formula_after": "Eq(10*(a - b)**3, 10*a**3 - 30*a**2*b + 30*a*b**2 - 10*b**3)"
                            },
                            {
                                "operation": 7,
                                "formula_after": "Eq(10*(a - b)**3, 10*a**3 - 30*a**2*b + 30*a*b**2 - 10*b**3)"
                            },
                            {
                                "operation": 2,
                                "formula_after": "Eq(10*(V - w)**3, 10*V**3 - 30*V**2*w + 30*V*w**2 - 10*w**3)"
                            },
                            {
                                "operation": 6,
                                "formula_after": "Eq(10*(V - w)**3, 10*V**3 - 30*V**2*w + 30*V*w**2 - 10*w**3)"
                            }
                        ],
                        "complexity": {
                            "edit_distance": null,
                            "score": 5
                        }
                    }
                ]
            },
            {
                "transformation_round": 3,
                "num_operations": 2,
                "results": [
                    {
                        "formula": {
                            "left": "(a - b)**3",
                            "right": "a**3 - 3*a**2*b + 3*a*b**2 - b**3"
                        },
                        "tricks": [
                            {
                                "operation": 6,
                                "formula_after": "Eq((a - b)**3, a**3 - 3*a**2*b + 3*a*b**2 - b**3)"
                            },
                            {
                                "operation": 2,
                                "formula_after": "Eq((-R + p)**3, -R**3 + 3*R**2*p - 3*R*p**2 + p**3)"
                            }
                        ],
                        "complexity": {
                            "edit_distance": null,
                            "score": 2
                        }
                    }
                ]
            },
            {
                "transformation_round": 4,
                "num_operations": 3,
                "results": [
                    {
                        "formula": {
                            "left": "15*(a - b)**3",
                            "right": "15*a**3 - 45*a**2*b + 45*a*b**2 - 15*b**3"
                        },
                        "tricks": [
                            {
                                "operation": 4,
                                "formula_after": "Eq(3*(a - b)**3, 3*a**3 - 9*a**2*b + 9*a*b**2 - 3*b**3)"
                            },
                            {
                                "operation": 4,
                                "formula_after": "Eq(15*(a - b)**3, 15*a**3 - 45*a**2*b + 45*a*b**2 - 15*b**3)"
                            },
                            {
                                "operation": 4,
                                "formula_after": "Eq(90*(a - b)**3, 90*a**3 - 270*a**2*b + 270*a*b**2 - 90*b**3)"
                            }
                        ],
                        "complexity": {
                            "edit_distance": null,
                            "score": 3
                        }
                    }
                ]
            },
            {
                "transformation_round": 5,
                "num_operations": 1,
                "results": [
                    {
                        "formula": {
                            "left": "(a - b)**3",
                            "right": "a**3 - 3*a**2*b + 3*a*b**2 - b**3"
                        },
                        "tricks": [
                            {
                                "operation": 7,
                                "formula_after": "Eq((a - b)**3, a**3 - 3*a**2*b + 3*a*b**2 - b**3)"
                            }
                        ],
                        "complexity": {
                            "edit_distance": null,
                            "score": 1
                        }
                    }
                ]
            },
            {
                "transformation_round": 6,
                "num_operations": 8,
                "results": [
                    {
                        "formula": {
                            "left": "(a - 8)**3",
                            "right": "a**3 - 24*a**2 + 192*a - 512"
                        },
                        "tricks": [
                            {
                                "operation": 1,
                                "formula_after": "Eq((a - 8)**3, a**3 - 24*a**2 + 192*a - 512)"
                            },
                            {
                                "operation": 5,
                                "formula_after": "Eq((a - 8)**47, a**40 - 55*a**49 + 192*a - 3)"
                            }
                        ],
                        "complexity": {
                            "edit_distance": null,
                            "score": 1
                        }
                    }
                ]
            },
            {
                "transformation_round": 8,
                "num_operations": 2,
                "results": [
                    {
                        "formula": {
                            "left": "(-P + σ)**3",
                            "right": "-P**3 + 3*P**2*σ - 3*P*σ**2 + σ**3"
                        },
                        "tricks": [
                            {
                                "operation": 2,
                                "formula_after": "Eq((-P + σ)**3, -P**3 + 3*P**2*σ - 3*P*σ**2 + σ**3)"
                            },
                            {
                                "operation": 7,
                                "formula_after": "Eq((-P + σ)**3, -P**3 + 3*P**2*σ - 3*P*σ**2 + σ**3)"
                            }
                        ],
                        "complexity": {
                            "edit_distance": null,
                            "score": 2
                        }
                    }
                ]
            }
        ]
    },
    "cubi_sum_diff": {
        "rule_name": "cubi_sum_diff",
        "original_expression": "a**3-b**3=(a+b)(a**2+a*b+b**2)",
        "executions": []
    },
    "arit_prog": {
        "rule_name": "arit_prog",
        "original_expression": "S_n = n * a_1 + (n * (n - 1) * d) / 2",
        "executions": [
            {
                "transformation_round": 4,
                "num_operations": 2,
                "results": [
                    {
                        "formula": {
                            "left": "3*S_n",
                            "right": "3*a_1*n + 3*d*n*(n - 1)/2"
                        },
                        "tricks": [
                            {
                                "operation": 4,
                                "formula_after": "Eq(3*S_n, 3*a_1*n + 3*d*n*(n - 1)/2)"
                            },
                            {
                                "operation": 7,
                                "formula_after": "Eq(3*S_n, 3*a_1*n + 3*d*n*(n - 1)/2)"
                            }
                        ],
                        "complexity": {
                            "edit_distance": null,
                            "score": 2
                        }
                    }
                ]
            },
            {
                "transformation_round": 8,
                "num_operations": 6,
                "results": [
                    {
                        "formula": {
                            "left": "6*S_n",
                            "right": "6*a_1*n + 3*d*n*(n - 1)"
                        },
                        "tricks": [
                            {
                                "operation": 4,
                                "formula_after": "Eq(6*S_n, 6*a_1*n + 3*d*n*(n - 1))"
                            },
                            {
                                "operation": 5,
                                "formula_after": "Eq(87*S_n, 939*a_19*n + 28*d*n*(n - 1))"
                            }
                        ],
                        "complexity": {
                            "edit_distance": null,
                            "score": 1
                        }
                    }
                ]
            },
            {
                "transformation_round": 9,
                "num_operations": 2,
                "results": [
                    {
                        "formula": {
                            "left": "S_n",
                            "right": "a_1*n + d*n*(n - 1)/2"
                        },
                        "tricks": [
                            {
                                "operation": 6,
                                "formula_after": "Eq(S_n, a_1*n + d*n*(n - 1)/2)"
                            },
                            {
                                "operation": 2,
                                "formula_after": "Eq(t, G*ι + α*ι*(ι - 1)/2)"
                            }
                        ],
                        "complexity": {
                            "edit_distance": null,
                            "score": 2
                        }
                    }
                ]
            }
        ]
    },
    "geom_prog": {
        "rule_name": "geom_prog",
        "original_expression": "(a_1*(1 - q**n))/(1 - q)",
        "executions": [
            {
                "transformation_round": 1,
                "num_operations": 6,
                "results": [
                    {
                        "formula": {
                            "left": "8*(1 - (28*a**2 - 56*a*b + 8*a_1 + 28*b**2)**(28*a**2 - 56*a*b + 8*a_1 + 28*b**2))*(a**3 + 3*a**2*b + 3*a*b**2 + b**3)/(-28*a**2 + 56*a*b - 8*a_1 - 28*b**2 + 1)",
                            "right": null
                        },
                        "tricks": [
                            {
                                "operation": 2,
                                "formula_after": "R*(1 - r**r)/(1 - r)"
                            },
                            {
                                "operation": 3,
                                "formula_after": "R*(1 - (a_1*n + d*n*(n - 1)/2)**(a_1*n + d*n*(n - 1)/2))/(-a_1*n - d*n*(n - 1)/2 + 1)"
                            },
                            {
                                "operation": 1,
                                "formula_after": "R*(1 - (8*a_1 + 28*d)**(8*a_1 + 28*d))/(-8*a_1 - 28*d + 1)"
                            },
                            {
                                "operation": 4,
                                "formula_after": "8*R*(1 - (8*a_1 + 28*d)**(8*a_1 + 28*d))/(-8*a_1 - 28*d + 1)"
                            },
                            {
                                "operation": 3,
                                "formula_after": "8*(1 - (28*a**2 - 56*a*b + 8*a_1 + 28*b**2)**(28*a**2 - 56*a*b + 8*a_1 + 28*b**2))*(a**3 + 3*a**2*b + 3*a*b**2 + b**3)/(-28*a**2 + 56*a*b - 8*a_1 - 28*b**2 + 1)"
                            },
                            {
                                "operation": 7,
                                "formula_after": "(1 - (28*a**2 - 56*a*b + 8*a_1 + 28*b**2)**(28*a**2 - 56*a*b + 8*a_1 + 28*b**2))*(8*a**3 + 24*a**2*b + 24*a*b**2 + 8*b**3)/(-28*a**2 + 56*a*b - 8*a_1 - 28*b**2 + 1)"
                            }
                        ],
                        "complexity": {
                            "edit_distance": null,
                            "score": 6
                        }
                    }
                ]
            },
            {
                "transformation_round": 2,
                "num_operations": 10,
                "results": [
                    {
                        "formula": {
                            "left": "7*(1 - q**n)/(1 - q)",
                            "right": null
                        },
                        "tricks": [
                            {
                                "operation": 1,
                                "formula_after": "7*(1 - q**n)/(1 - q)"
                            },
                            {
                                "operation": 5,
                                "formula_after": "13*(93 - q**n)/(1 - q)"
                            }
                        ],
                        "complexity": {
                            "edit_distance": null,
                            "score": 1
                        }
                    }
                ]
            },
            {
                "transformation_round": 3,
                "num_operations": 9,
                "results": [
                    {
                        "formula": {
                            "left": "(1 - (n*(n - 1)*(a**2 + 2*a*b + b**2)/2 + n*(a**3 - 3*a**2*b + 3*a*b**2 - b**3))**(a**2 - b**2))*(a**3 - 3*a**2*b + 3*a*b**2 - b**3)/(-n*(n - 1)*(a**2 + 2*a*b + b**2)/2 - n*(a**3 - 3*a**2*b + 3*a*b**2 - b**3) + 1)",
                            "right": null
                        },
                        "tricks": [
                            {
                                "operation": 3,
                                "formula_after": "(1 - (d*n*(n - 1)/2 + n*(a**3 - 3*a**2*b + 3*a*b**2 - b**3))**(a**2 - b**2))*(a**3 - 3*a**2*b + 3*a*b**2 - b**3)/(-d*n*(n - 1)/2 - n*(a**3 - 3*a**2*b + 3*a*b**2 - b**3) + 1)"
                            },
                            {
                                "operation": 8,
                                "formula_after": "(1 - (d*n*(n - 1)/2 + n*(a**3 - 3*a**2*b + 3*a*b**2 - b**3))**(a**2 - b**2))*(a**3 - 3*a**2*b + 3*a*b**2 - b**3)/(-d*n*(n - 1)/2 - n*(a**3 - 3*a**2*b + 3*a*b**2 - b**3) + 1)"
                            },
                            {
                                "operation": 7,
                                "formula_after": "(1 - (d*n*(n - 1)/2 + n*(a**3 - 3*a**2*b + 3*a*b**2 - b**3))**(a**2 - b**2))*(a**3 - 3*a**2*b + 3*a*b**2 - b**3)/(-d*n*(n - 1)/2 - n*(a**3 - 3*a**2*b + 3*a*b**2 - b**3) + 1)"
                            },
                            {
                                "operation": 7,
                                "formula_after": "(1 - (d*n*(n - 1)/2 + n*(a**3 - 3*a**2*b + 3*a*b**2 - b**3))**(a**2 - b**2))*(a**3 - 3*a**2*b + 3*a*b**2 - b**3)/(-d*n*(n - 1)/2 - n*(a**3 - 3*a**2*b + 3*a*b**2 - b**3) + 1)"
                            },
                            {
                                "operation": 6,
                                "formula_after": "(1 - (d*n*(n - 1)/2 + n*(a**3 - 3*a**2*b + 3*a*b**2 - b**3))**(a**2 - b**2))*(a**3 - 3*a**2*b + 3*a*b**2 - b**3)/(-d*n*(n - 1)/2 - n*(a**3 - 3*a**2*b + 3*a*b**2 - b**3) + 1)"
                            },
                            {
                                "operation": 6,
                                "formula_after": "(1 - (d*n*(n - 1)/2 + n*(a**3 - 3*a**2*b + 3*a*b**2 - b**3))**(a**2 - b**2))*(a**3 - 3*a**2*b + 3*a*b**2 - b**3)/(-d*n*(n - 1)/2 - n*(a**3 - 3*a**2*b + 3*a*b**2 - b**3) + 1)"
                            },
                            {
                                "operation": 7,
                                "formula_after": "(1 - (d*n*(n - 1)/2 + n*(a**3 - 3*a**2*b + 3*a*b**2 - b**3))**(a**2 - b**2))*(a**3 - 3*a**2*b + 3*a*b**2 - b**3)/(-d*n*(n - 1)/2 - n*(a**3 - 3*a**2*b + 3*a*b**2 - b**3) + 1)"
                            },
                            {
                                "operation": 3,
                                "formula_after": "(1 - (n*(n - 1)*(a**2 + 2*a*b + b**2)/2 + n*(a**3 - 3*a**2*b + 3*a*b**2 - b**3))**(a**2 - b**2))*(a**3 - 3*a**2*b + 3*a*b**2 - b**3)/(-n*(n - 1)*(a**2 + 2*a*b + b**2)/2 - n*(a**3 - 3*a**2*b + 3*a*b**2 - b**3) + 1)"
                            },
                            {
                                "operation": 8,
                                "formula_after": "(1 - (n*(n - 1)*(a**2 + 2*a*b + b**2)/2 + n*(a**3 - 3*a**2*b + 3*a*b**2 - b**3))**(a**2 - b**2))*(a**3 - 3*a**2*b + 3*a*b**2 - b**3)/(-n*(n - 1)*(a**2 + 2*a*b + b**2)/2 - n*(a**3 - 3*a**2*b + 3*a*b**2 - b**3) + 1)"
                            }
                        ],
                        "complexity": {
                            "edit_distance": null,
                            "score": 7
                        }
                    }
                ]
            },
            {
                "transformation_round": 4,
                "num_operations": 6,
                "results": [
                    {
                        "formula": {
                            "left": "a_1*(1 - q**n)/(1 - q)",
                            "right": null
                        },
                        "tricks": [
                            {
                                "operation": 5,
                                "formula_after": "a_54*(1 - q**n)/(1 - q)"
                            }
                        ],
                        "complexity": {
                            "edit_distance": null,
                            "score": 0
                        }
                    }
                ]
            },
            {
                "transformation_round": 5,
                "num_operations": 3,
                "results": [
                    {
                        "formula": {
                            "left": "a_1*(1 - q**n)/(1 - q)",
                            "right": null
                        },
                        "tricks": [
                            {
                                "operation": 5,
                                "formula_after": "a_68*(1 - q**n)/(1 - q)"
                            }
                        ],
                        "complexity": {
                            "edit_distance": null,
                            "score": 0
                        }
                    }
                ]
            },
            {
                "transformation_round": 6,
                "num_operations": 8,
                "results": [
                    {
                        "formula": {
                            "left": "3*a_1*(1 - q**n)/(1 - q)",
                            "right": null
                        },
                        "tricks": [
                            {
                                "operation": 4,
                                "formula_after": "3*a_1*(1 - q**n)/(1 - q)"
                            },
                            {
                                "operation": 5,
                                "formula_after": "646*a_4*(5 - q**n)/(1 - q)"
                            }
                        ],
                        "complexity": {
                            "edit_distance": null,
                            "score": 1
                        }
                    }
                ]
            },
            {
                "transformation_round": 7,
                "num_operations": 5,
                "results": [
                    {
                        "formula": {
                            "left": "a_1*(1 - q**n)/(1 - q)",
                            "right": null
                        },
                        "tricks": [
                            {
                                "operation": 5,
                                "formula_after": "a_7500*(1 - q**n)/(1 - q)"
                            }
                        ],
                        "complexity": {
                            "edit_distance": null,
                            "score": 0
                        }
                    }
                ]
            },
            {
                "transformation_round": 8,
                "num_operations": 7,
                "results": [
                    {
                        "formula": {
                            "left": "5*F*(1 - O**N)/(1 - O)",
                            "right": null
                        },
                        "tricks": [
                            {
                                "operation": 7,
                                "formula_after": "a_1*(1 - q**n)/(1 - q)"
                            },
                            {
                                "operation": 2,
                                "formula_after": "F*(1 - O**N)/(1 - O)"
                            },
                            {
                                "operation": 7,
                                "formula_after": "F*(1 - O**N)/(1 - O)"
                            },
                            {
                                "operation": 7,
                                "formula_after": "F*(1 - O**N)/(1 - O)"
                            },
                            {
                                "operation": 4,
                                "formula_after": "5*F*(1 - O**N)/(1 - O)"
                            },
                            {
                                "operation": 5,
                                "formula_after": "5*F*(44 - O**N)/(24 - O)"
                            }
                        ],
                        "complexity": {
                            "edit_distance": null,
                            "score": 5
                        }
                    }
                ]
            },
            {
                "transformation_round": 9,
                "num_operations": 3,
                "results": [
                    {
                        "formula": {
                            "left": "Y*(1 - μ**C)/(1 - μ)",
                            "right": null
                        },
                        "tricks": [
                            {
                                "operation": 2,
                                "formula_after": "Y*(1 - μ**C)/(1 - μ)"
                            },
                            {
                                "operation": 7,
                                "formula_after": "Y*(1 - μ**C)/(1 - μ)"
                            },
                            {
                                "operation": 2,
                                "formula_after": "Y*(1 - μ**C)/(1 - μ)"
                            }
                        ],
                        "complexity": {
                            "edit_distance": null,
                            "score": 3
                        }
                    }
                ]
            },
            {
                "transformation_round": 10,
                "num_operations": 6,
                "results": [
                    {
                        "formula": {
                            "left": "(1 - (b**2 + 4*b + 4)**(b**2 + 4*b + 4))*(b**2 - 4*b + 4)/(-b**2 - 4*b - 3)",
                            "right": null
                        },
                        "tricks": [
                            {
                                "operation": 3,
                                "formula_after": "(1 - (a**2 + 2*a*b + b**2)**(a**2 + 2*a*b + b**2))*(a**2 - 2*a*b + b**2)/(-a**2 - 2*a*b - b**2 + 1)"
                            },
                            {
                                "operation": 2,
                                "formula_after": "(1 - (a**2 + 2*a*b + b**2)**(a**2 + 2*a*b + b**2))*(a**2 - 2*a*b + b**2)/(-a**2 - 2*a*b - b**2 + 1)"
                            },
                            {
                                "operation": 1,
                                "formula_after": "(1 - (b**2 + 4*b + 4)**(b**2 + 4*b + 4))*(b**2 - 4*b + 4)/(-b**2 - 4*b - 3)"
                            },
                            {
                                "operation": 2,
                                "formula_after": "(1 - (b**2 + 4*b + 4)**(b**2 + 4*b + 4))*(b**2 - 4*b + 4)/(-b**2 - 4*b - 3)"
                            },
                            {
                                "operation": 5,
                                "formula_after": "(11 - (b**76 + 572*b + 2132)**(b**81 + 4*b + 4))*(b**2 - 4*b + 4)/(-b**2 - 4*b - 3)"
                            }
                        ],
                        "complexity": {
                            "edit_distance": null,
                            "score": 2
                        }
                    }
                ]
            }
        ]
    },
    "indu_form": {
        "rule_name": "indu_form",
        "original_expression": "tan(pi/2 - α) == cot(α)",
        "executions": [
            {
                "transformation_round": 5,
                "num_operations": 5,
                "results": [
                    {
                        "formula": {
                            "left": "tan(5/2 - alpha)",
                            "right": "cot(alpha)"
                        },
                        "tricks": [
                            {
                                "operation": 1,
                                "formula_after": "Eq(tan(5/2 - alpha), cot(alpha))"
                            },
                            {
                                "operation": 5,
                                "formula_after": "Eq(tan(5/79 - alpha), cot(alpha))"
                            }
                        ],
                        "complexity": {
                            "edit_distance": null,
                            "score": 1
                        }
                    }
                ]
            },
            {
                "transformation_round": 7,
                "num_operations": 10,
                "results": [
                    {
                        "formula": {
                            "left": "tan(-alpha + pi/2)",
                            "right": "cot(alpha)"
                        },
                        "tricks": [
                            {
                                "operation": 5,
                                "formula_after": "Eq(tan(-alpha + pi/41), cot(alpha))"
                            }
                        ],
                        "complexity": {
                            "edit_distance": null,
                            "score": 0
                        }
                    }
                ]
            }
        ]
    },
    "sum_n_diff_of_two_angl": {
        "rule_name": "sum_n_diff_of_two_angl",
        "original_expression": "sin(α - β) == sin(α) * cos(β) - cos(α) * sin(β)",
        "executions": [
            {
                "transformation_round": 2,
                "num_operations": 5,
                "results": [
                    {
                        "formula": {
                            "left": "20*sin(1 - ο)",
                            "right": "20*sin(1)*cos(ο) - 20*sin(ο)*cos(1)"
                        },
                        "tricks": [
                            {
                                "operation": 4,
                                "formula_after": "Eq(5*sin(alpha - beta), 5*sin(alpha)*cos(beta) - 5*sin(beta)*cos(alpha))"
                            },
                            {
                                "operation": 4,
                                "formula_after": "Eq(20*sin(alpha - beta), 20*sin(alpha)*cos(beta) - 20*sin(beta)*cos(alpha))"
                            },
                            {
                                "operation": 1,
                                "formula_after": "Eq(20*sin(1 - beta), 20*sin(1)*cos(beta) - 20*sin(beta)*cos(1))"
                            },
                            {
                                "operation": 2,
                                "formula_after": "Eq(20*sin(1 - ο), 20*sin(1)*cos(ο) - 20*sin(ο)*cos(1))"
                            },
                            {
                                "operation": 7,
                                "formula_after": "Eq(20*sin(1 - ο), 20*sin(1)*cos(ο) - 20*sin(ο)*cos(1))"
                            }
                        ],
                        "complexity": {
                            "edit_distance": null,
                            "score": 5
                        }
                    }
                ]
            },
            {
                "transformation_round": 5,
                "num_operations": 5,
                "results": [
                    {
                        "formula": {
                            "left": "sin(alpha - beta)",
                            "right": "sin(alpha)*cos(beta) - sin(beta)*cos(alpha)"
                        },
                        "tricks": [
                            {
                                "operation": 5,
                                "formula_after": "Eq(sin(alpha - beta), sin(alpha)*cos(beta) - sin(beta)*cos(alpha))"
                            }
                        ],
                        "complexity": {
                            "edit_distance": null,
                            "score": 0
                        }
                    }
                ]
            },
            {
                "transformation_round": 7,
                "num_operations": 1,
                "results": [
                    {
                        "formula": {
                            "left": "sin(alpha - beta)",
                            "right": "sin(alpha)*cos(beta) - sin(beta)*cos(alpha)"
                        },
                        "tricks": [
                            {
                                "operation": 1,
                                "formula_after": "Eq(sin(alpha - 2), -sin(2)*cos(alpha) + sin(alpha)*cos(2))"
                            }
                        ],
                        "complexity": {
                            "edit_distance": null,
                            "score": 1
                        }
                    }
                ]
            }
        ]
    },
    "prod_n_diff": {
        "rule_name": "prod_n_diff",
        "original_expression": "sin(α) * sin(β) == -(cos(α + β) - cos(α - β)) / 2",
        "executions": [
            {
                "transformation_round": 1,
                "num_operations": 10,
                "results": [
                    {
                        "formula": {
                            "left": "sin(alpha)*sin(beta)",
                            "right": "cos(alpha - beta)/2 - cos(alpha + beta)/2"
                        },
                        "tricks": [
                            {
                                "operation": 6,
                                "formula_after": "Eq(sin(alpha)*sin(beta), cos(alpha - beta)/2 - cos(alpha + beta)/2)"
                            },
                            {
                                "operation": 5,
                                "formula_after": "Eq(sin(alpha)*sin(beta), cos(alpha - beta)/35 - cos(alpha + beta)/86)"
                            }
                        ],
                        "complexity": {
                            "edit_distance": null,
                            "score": 1
                        }
                    }
                ]
            },
            {
                "transformation_round": 3,
                "num_operations": 8,
                "results": [
                    {
                        "formula": {
                            "left": "sin(alpha)*sin(beta)",
                            "right": "cos(alpha - beta)/2 - cos(alpha + beta)/2"
                        },
                        "tricks": [
                            {
                                "operation": 6,
                                "formula_after": "Eq(sin(alpha)*sin(beta), cos(alpha - beta)/2 - cos(alpha + beta)/2)"
                            },
                            {
                                "operation": 7,
                                "formula_after": "Eq(sin(alpha)*sin(beta), cos(alpha - beta)/2 - cos(alpha + beta)/2)"
                            },
                            {
                                "operation": 5,
                                "formula_after": "Eq(sin(alpha)*sin(beta), cos(alpha - beta)/51 - cos(alpha + beta)/2)"
                            }
                        ],
                        "complexity": {
                            "edit_distance": null,
                            "score": 2
                        }
                    }
                ]
            },
            {
                "transformation_round": 4,
                "num_operations": 1,
                "results": [
                    {
                        "formula": {
                            "left": "sin(alpha)*sin(beta)",
                            "right": "cos(alpha - beta)/2 - cos(alpha + beta)/2"
                        },
                        "tricks": [
                            {
                                "operation": 2,
                                "formula_after": "Eq(sin(M)*sin(μ), cos(M - μ)/2 - cos(M + μ)/2)"
                            }
                        ],
                        "complexity": {
                            "edit_distance": null,
                            "score": 1
                        }
                    }
                ]
            },
            {
                "transformation_round": 6,
                "num_operations": 4,
                "results": [
                    {
                        "formula": {
                            "left": "25*sin(k)**2",
                            "right": "25*cos(0)/2 - 25*cos(2*k)/2"
                        },
                        "tricks": [
                            {
                                "operation": 4,
                                "formula_after": "Eq(5*sin(alpha)*sin(beta), 5*cos(alpha - beta)/2 - 5*cos(alpha + beta)/2)"
                            },
                            {
                                "operation": 2,
                                "formula_after": "Eq(5*sin(k)**2, 5*cos(0)/2 - 5*cos(2*k)/2)"
                            },
                            {
                                "operation": 4,
                                "formula_after": "Eq(25*sin(k)**2, 25*cos(0)/2 - 25*cos(2*k)/2)"
                            },
                            {
                                "operation": 2,
                                "formula_after": "Eq(25*sin(k)**2, 25*cos(0)/2 - 25*cos(2*k)/2)"
                            }
                        ],
                        "complexity": {
                            "edit_distance": null,
                            "score": 4
                        }
                    }
                ]
            },
            {
                "transformation_round": 8,
                "num_operations": 9,
                "results": [
                    {
                        "formula": {
                            "left": "sin(h)**2",
                            "right": "cos(0)/2 - cos(2*h)/2"
                        },
                        "tricks": [
                            {
                                "operation": 2,
                                "formula_after": "Eq(sin(h)**2, cos(0)/2 - cos(2*h)/2)"
                            },
                            {
                                "operation": 5,
                                "formula_after": "Eq(sin(h)**75, cos(0)/90 - cos(58*h)/2)"
                            }
                        ],
                        "complexity": {
                            "edit_distance": null,
                            "score": 1
                        }
                    }
                ]
            },
            {
                "transformation_round": 10,
                "num_operations": 1,
                "results": [
                    {
                        "formula": {
                            "left": "sin(alpha)*sin(beta)",
                            "right": "cos(alpha - beta)/2 - cos(alpha + beta)/2"
                        },
                        "tricks": [
                            {
                                "operation": 2,
                                "formula_after": "Eq(sin(N)**2, cos(0)/2 - cos(2*N)/2)"
                            }
                        ],
                        "complexity": {
                            "edit_distance": null,
                            "score": 1
                        }
                    }
                ]
            }
        ]
    },
    "sum_n_diff_prod": {
        "rule_name": "sum_n_diff_prod",
        "original_expression": "cos(α) - cos(β) == -2 * sin((α + β) / 2) * sin((α - β) / 2)",
        "executions": [
            {
                "transformation_round": 1,
                "num_operations": 9,
                "results": [
                    {
                        "formula": {
                            "left": "cos(alpha) - cos(beta)",
                            "right": "-2*sin(alpha/2 - beta/2)*sin(alpha/2 + beta/2)"
                        },
                        "tricks": [
                            {
                                "operation": 5,
                                "formula_after": "Eq(cos(alpha) - cos(beta), -34*sin(alpha/40 - beta/2)*sin(alpha/2 + beta/2))"
                            }
                        ],
                        "complexity": {
                            "edit_distance": null,
                            "score": 0
                        }
                    }
                ]
            },
            {
                "transformation_round": 2,
                "num_operations": 2,
                "results": [
                    {
                        "formula": {
                            "left": "-cos(γ) + cos(χ)",
                            "right": "-2*sin(-γ/2 + χ/2)*sin(γ/2 + χ/2)"
                        },
                        "tricks": [
                            {
                                "operation": 2,
                                "formula_after": "Eq(-cos(γ) + cos(χ), -2*sin(-γ/2 + χ/2)*sin(γ/2 + χ/2))"
                            },
                            {
                                "operation": 4,
                                "formula_after": "Eq(-cos(γ) + cos(χ), -2*sin(-γ/2 + χ/2)*sin(γ/2 + χ/2))"
                            }
                        ],
                        "complexity": {
                            "edit_distance": null,
                            "score": 2
                        }
                    }
                ]
            },
            {
                "transformation_round": 4,
                "num_operations": 2,
                "results": [
                    {
                        "formula": {
                            "left": "cos(alpha) - cos(beta)",
                            "right": "-2*sin(alpha/2 - beta/2)*sin(alpha/2 + beta/2)"
                        },
                        "tricks": [
                            {
                                "operation": 7,
                                "formula_after": "Eq(cos(alpha) - cos(beta), -2*sin(alpha/2 - beta/2)*sin(alpha/2 + beta/2))"
                            },
                            {
                                "operation": 4,
                                "formula_after": "Eq(cos(alpha) - cos(beta), -2*sin(alpha/2 - beta/2)*sin(alpha/2 + beta/2))"
                            }
                        ],
                        "complexity": {
                            "edit_distance": null,
                            "score": 2
                        }
                    }
                ]
            },
            {
                "transformation_round": 7,
                "num_operations": 1,
                "results": [
                    {
                        "formula": {
                            "left": "cos(alpha) - cos(beta)",
                            "right": "-2*sin(alpha/2 - beta/2)*sin(alpha/2 + beta/2)"
                        },
                        "tricks": [
                            {
                                "operation": 1,
                                "formula_after": "Eq(cos(3) - cos(beta), -2*sin(3/2 - beta/2)*sin(beta/2 + 3/2))"
                            }
                        ],
                        "complexity": {
                            "edit_distance": null,
                            "score": 1
                        }
                    }
                ]
            },
            {
                "transformation_round": 8,
                "num_operations": 7,
                "results": [
                    {
                        "formula": {
                            "left": "-cos(β) + cos(υ)",
                            "right": "-2*sin(-β/2 + υ/2)*sin(β/2 + υ/2)"
                        },
                        "tricks": [
                            {
                                "operation": 6,
                                "formula_after": "Eq(cos(alpha) - cos(beta), -2*sin(alpha/2 - beta/2)*sin(alpha/2 + beta/2))"
                            },
                            {
                                "operation": 6,
                                "formula_after": "Eq(cos(alpha) - cos(beta), -2*sin(alpha/2 - beta/2)*sin(alpha/2 + beta/2))"
                            },
                            {
                                "operation": 7,
                                "formula_after": "Eq(cos(alpha) - cos(beta), -2*sin(alpha/2 - beta/2)*sin(alpha/2 + beta/2))"
                            },
                            {
                                "operation": 2,
                                "formula_after": "Eq(-cos(β) + cos(υ), -2*sin(-β/2 + υ/2)*sin(β/2 + υ/2))"
                            },
                            {
                                "operation": 5,
                                "formula_after": "Eq(-cos(β) + cos(υ), -187*sin(-β/2 + υ/2)*sin(β/2 + υ/2))"
                            }
                        ],
                        "complexity": {
                            "edit_distance": null,
                            "score": 4
                        }
                    }
                ]
            }
        ]
    }
}