{
    "squa_diff": {
        "rule_name": "squa_diff",
        "original_expression": "(a+b)*(a-b)=a**2-b**2",
        "executions": [
            {
                "transformation_round": 1,
                "num_operations": 1,
                "results": [
                    {
                        "formula": {
                            "left": "(a - b)*(a + b)",
                            "right": "a**2 - b**2"
                        },
                        "tricks": [
                            {
                                "operation": 7,
                                "formula_after": "Eq((a - b)*(a + b), a**2 - b**2)"
                            }
                        ],
                        "complexity": {
                            "edit_distance": null,
                            "score": 1
                        }
                    }
                ]
            },
            {
                "transformation_round": 4,
                "num_operations": 8,
                "results": [
                    {
                        "formula": {
                            "left": "(a - 6)*(a + 6)",
                            "right": "a**2 - 36"
                        },
                        "tricks": [
                            {
                                "operation": 1,
                                "formula_after": "Eq((a - 6)*(a + 6), a**2 - 36)"
                            },
                            {
                                "operation": 1,
                                "formula_after": "True"
                            }
                        ],
                        "complexity": {
                            "edit_distance": null,
                            "score": 2
                        }
                    }
                ]
            },
            {
                "transformation_round": 6,
                "num_operations": 3,
                "results": [
                    {
                        "formula": {
                            "left": "(-a**2 + 2*a*b + a - b**2)*(a**2 - 2*a*b + a + b**2)",
                            "right": "a**2 - (a**2 - 2*a*b + b**2)**2"
                        },
                        "tricks": [
                            {
                                "operation": 3,
                                "formula_after": "Eq((-a**2 + 2*a*b + a - b**2)*(a**2 - 2*a*b + a + b**2), a**2 - (a**2 - 2*a*b + b**2)**2)"
                            },
                            {
                                "operation": 5,
                                "formula_after": "Eq((-a**57 + 43*a*b + a - b**79)*(a**77 - 4*a*b + a + b**78), a**68 - (a**61 - 85*a*b + b**90)**2)"
                            }
                        ],
                        "complexity": {
                            "edit_distance": null,
                            "score": 0
                        }
                    }
                ]
            },
            {
                "transformation_round": 8,
                "num_operations": 10,
                "results": [
                    {
                        "formula": {
                            "left": "6*(b**3 - 3*b**2*(b**3 + 15*b**2 + 75*b + 125) + 3*b*(b**3 + 15*b**2 + 75*b + 125)**2 + (-b**3 + 3*b**2*(b**3 + 15*b**2 + 75*b + 125) - 3*b*(b**3 + 15*b**2 + 75*b + 125)**2 + (b**3 + 15*b**2 + 75*b + 125)**3)**3 + 3*(-b**3 + 3*b**2*(b**3 + 15*b**2 + 75*b + 125) - 3*b*(b**3 + 15*b**2 + 75*b + 125)**2 + (b**3 + 15*b**2 + 75*b + 125)**3)**2*(b**3 + 15*b**2 + 75*b + 125) + 3*(-b**3 + 3*b**2*(b**3 + 15*b**2 + 75*b + 125) - 3*b*(b**3 + 15*b**2 + 75*b + 125)**2 + (b**3 + 15*b**2 + 75*b + 125)**3)*(b**3 + 15*b**2 + 75*b + 125)**2)*(-b**3 + 3*b**2*(b**3 + 15*b**2 + 75*b + 125) - 3*b*(b**3 + 15*b**2 + 75*b + 125)**2 + (-b**3 + 3*b**2*(b**3 + 15*b**2 + 75*b + 125) - 3*b*(b**3 + 15*b**2 + 75*b + 125)**2 + (b**3 + 15*b**2 + 75*b + 125)**3)**3 + 3*(-b**3 + 3*b**2*(b**3 + 15*b**2 + 75*b + 125) - 3*b*(b**3 + 15*b**2 + 75*b + 125)**2 + (b**3 + 15*b**2 + 75*b + 125)**3)**2*(b**3 + 15*b**2 + 75*b + 125) + 3*(-b**3 + 3*b**2*(b**3 + 15*b**2 + 75*b + 125) - 3*b*(b**3 + 15*b**2 + 75*b + 125)**2 + (b**3 + 15*b**2 + 75*b + 125)**3)*(b**3 + 15*b**2 + 75*b + 125)**2 + 2*(b**3 + 15*b**2 + 75*b + 125)**3)",
                            "right": "-6*(-b**3 + 3*b**2*(b**3 + 15*b**2 + 75*b + 125) - 3*b*(b**3 + 15*b**2 + 75*b + 125)**2 + (b**3 + 15*b**2 + 75*b + 125)**3)**2 + 6*((-b**3 + 3*b**2*(b**3 + 15*b**2 + 75*b + 125) - 3*b*(b**3 + 15*b**2 + 75*b + 125)**2 + (b**3 + 15*b**2 + 75*b + 125)**3)**3 + 3*(-b**3 + 3*b**2*(b**3 + 15*b**2 + 75*b + 125) - 3*b*(b**3 + 15*b**2 + 75*b + 125)**2 + (b**3 + 15*b**2 + 75*b + 125)**3)**2*(b**3 + 15*b**2 + 75*b + 125) + 3*(-b**3 + 3*b**2*(b**3 + 15*b**2 + 75*b + 125) - 3*b*(b**3 + 15*b**2 + 75*b + 125)**2 + (b**3 + 15*b**2 + 75*b + 125)**3)*(b**3 + 15*b**2 + 75*b + 125)**2 + (b**3 + 15*b**2 + 75*b + 125)**3)**2"
                        },
                        "tricks": [
                            {
                                "operation": 7,
                                "formula_after": "Eq((a - b)*(a + b), a**2 - b**2)"
                            },
                            {
                                "operation": 7,
                                "formula_after": "Eq((a - b)*(a + b), a**2 - b**2)"
                            },
                            {
                                "operation": 3,
                                "formula_after": "Eq((3*a**2*b + 3*a**2*(a**3 - 3*a**2*b + 3*a*b**2 - b**3) - 3*a*b**2 + 3*a*(a**3 - 3*a**2*b + 3*a*b**2 - b**3)**2 + b**3 + (a**3 - 3*a**2*b + 3*a*b**2 - b**3)**3)*(2*a**3 - 3*a**2*b + 3*a**2*(a**3 - 3*a**2*b + 3*a*b**2 - b**3) + 3*a*b**2 + 3*a*(a**3 - 3*a**2*b + 3*a*b**2 - b**3)**2 - b**3 + (a**3 - 3*a**2*b + 3*a*b**2 - b**3)**3), -(a**3 - 3*a**2*b + 3*a*b**2 - b**3)**2 + (a**3 + 3*a**2*(a**3 - 3*a**2*b + 3*a*b**2 - b**3) + 3*a*(a**3 - 3*a**2*b + 3*a*b**2 - b**3)**2 + (a**3 - 3*a**2*b + 3*a*b**2 - b**3)**3)**2)"
                            },
                            {
                                "operation": 3,
                                "formula_after": "Eq((b**3 - 3*b**2*(a**3 + 3*a**2*b + 3*a*b**2 + b**3) + 3*b*(a**3 + 3*a**2*b + 3*a*b**2 + b**3)**2 + 3*(a**3 + 3*a**2*b + 3*a*b**2 + b**3)**2*(-b**3 + 3*b**2*(a**3 + 3*a**2*b + 3*a*b**2 + b**3) - 3*b*(a**3 + 3*a**2*b + 3*a*b**2 + b**3)**2 + (a**3 + 3*a**2*b + 3*a*b**2 + b**3)**3) + 3*(a**3 + 3*a**2*b + 3*a*b**2 + b**3)*(-b**3 + 3*b**2*(a**3 + 3*a**2*b + 3*a*b**2 + b**3) - 3*b*(a**3 + 3*a**2*b + 3*a*b**2 + b**3)**2 + (a**3 + 3*a**2*b + 3*a*b**2 + b**3)**3)**2 + (-b**3 + 3*b**2*(a**3 + 3*a**2*b + 3*a*b**2 + b**3) - 3*b*(a**3 + 3*a**2*b + 3*a*b**2 + b**3)**2 + (a**3 + 3*a**2*b + 3*a*b**2 + b**3)**3)**3)*(-b**3 + 3*b**2*(a**3 + 3*a**2*b + 3*a*b**2 + b**3) - 3*b*(a**3 + 3*a**2*b + 3*a*b**2 + b**3)**2 + 2*(a**3 + 3*a**2*b + 3*a*b**2 + b**3)**3 + 3*(a**3 + 3*a**2*b + 3*a*b**2 + b**3)**2*(-b**3 + 3*b**2*(a**3 + 3*a**2*b + 3*a*b**2 + b**3) - 3*b*(a**3 + 3*a**2*b + 3*a*b**2 + b**3)**2 + (a**3 + 3*a**2*b + 3*a*b**2 + b**3)**3) + 3*(a**3 + 3*a**2*b + 3*a*b**2 + b**3)*(-b**3 + 3*b**2*(a**3 + 3*a**2*b + 3*a*b**2 + b**3) - 3*b*(a**3 + 3*a**2*b + 3*a*b**2 + b**3)**2 + (a**3 + 3*a**2*b + 3*a*b**2 + b**3)**3)**2 + (-b**3 + 3*b**2*(a**3 + 3*a**2*b + 3*a*b**2 + b**3) - 3*b*(a**3 + 3*a**2*b + 3*a*b**2 + b**3)**2 + (a**3 + 3*a**2*b + 3*a*b**2 + b**3)**3)**3), -(-b**3 + 3*b**2*(a**3 + 3*a**2*b + 3*a*b**2 + b**3) - 3*b*(a**3 + 3*a**2*b + 3*a*b**2 + b**3)**2 + (a**3 + 3*a**2*b + 3*a*b**2 + b**3)**3)**2 + ((a**3 + 3*a**2*b + 3*a*b**2 + b**3)**3 + 3*(a**3 + 3*a**2*b + 3*a*b**2 + b**3)**2*(-b**3 + 3*b**2*(a**3 + 3*a**2*b + 3*a*b**2 + b**3) - 3*b*(a**3 + 3*a**2*b + 3*a*b**2 + b**3)**2 + (a**3 + 3*a**2*b + 3*a*b**2 + b**3)**3) + 3*(a**3 + 3*a**2*b + 3*a*b**2 + b**3)*(-b**3 + 3*b**2*(a**3 + 3*a**2*b + 3*a*b**2 + b**3) - 3*b*(a**3 + 3*a**2*b + 3*a*b**2 + b**3)**2 + (a**3 + 3*a**2*b + 3*a*b**2 + b**3)**3)**2 + (-b**3 + 3*b**2*(a**3 + 3*a**2*b + 3*a*b**2 + b**3) - 3*b*(a**3 + 3*a**2*b + 3*a*b**2 + b**3)**2 + (a**3 + 3*a**2*b + 3*a*b**2 + b**3)**3)**3)**2)"
                            },
                            {
                                "operation": 4,
                                "formula_after": "Eq(6*(b**3 - 3*b**2*(a**3 + 3*a**2*b + 3*a*b**2 + b**3) + 3*b*(a**3 + 3*a**2*b + 3*a*b**2 + b**3)**2 + 3*(a**3 + 3*a**2*b + 3*a*b**2 + b**3)**2*(-b**3 + 3*b**2*(a**3 + 3*a**2*b + 3*a*b**2 + b**3) - 3*b*(a**3 + 3*a**2*b + 3*a*b**2 + b**3)**2 + (a**3 + 3*a**2*b + 3*a*b**2 + b**3)**3) + 3*(a**3 + 3*a**2*b + 3*a*b**2 + b**3)*(-b**3 + 3*b**2*(a**3 + 3*a**2*b + 3*a*b**2 + b**3) - 3*b*(a**3 + 3*a**2*b + 3*a*b**2 + b**3)**2 + (a**3 + 3*a**2*b + 3*a*b**2 + b**3)**3)**2 + (-b**3 + 3*b**2*(a**3 + 3*a**2*b + 3*a*b**2 + b**3) - 3*b*(a**3 + 3*a**2*b + 3*a*b**2 + b**3)**2 + (a**3 + 3*a**2*b + 3*a*b**2 + b**3)**3)**3)*(-b**3 + 3*b**2*(a**3 + 3*a**2*b + 3*a*b**2 + b**3) - 3*b*(a**3 + 3*a**2*b + 3*a*b**2 + b**3)**2 + 2*(a**3 + 3*a**2*b + 3*a*b**2 + b**3)**3 + 3*(a**3 + 3*a**2*b + 3*a*b**2 + b**3)**2*(-b**3 + 3*b**2*(a**3 + 3*a**2*b + 3*a*b**2 + b**3) - 3*b*(a**3 + 3*a**2*b + 3*a*b**2 + b**3)**2 + (a**3 + 3*a**2*b + 3*a*b**2 + b**3)**3) + 3*(a**3 + 3*a**2*b + 3*a*b**2 + b**3)*(-b**3 + 3*b**2*(a**3 + 3*a**2*b + 3*a*b**2 + b**3) - 3*b*(a**3 + 3*a**2*b + 3*a*b**2 + b**3)**2 + (a**3 + 3*a**2*b + 3*a*b**2 + b**3)**3)**2 + (-b**3 + 3*b**2*(a**3 + 3*a**2*b + 3*a*b**2 + b**3) - 3*b*(a**3 + 3*a**2*b + 3*a*b**2 + b**3)**2 + (a**3 + 3*a**2*b + 3*a*b**2 + b**3)**3)**3), -6*(-b**3 + 3*b**2*(a**3 + 3*a**2*b + 3*a*b**2 + b**3) - 3*b*(a**3 + 3*a**2*b + 3*a*b**2 + b**3)**2 + (a**3 + 3*a**2*b + 3*a*b**2 + b**3)**3)**2 + 6*((a**3 + 3*a**2*b + 3*a*b**2 + b**3)**3 + 3*(a**3 + 3*a**2*b + 3*a*b**2 + b**3)**2*(-b**3 + 3*b**2*(a**3 + 3*a**2*b + 3*a*b**2 + b**3) - 3*b*(a**3 + 3*a**2*b + 3*a*b**2 + b**3)**2 + (a**3 + 3*a**2*b + 3*a*b**2 + b**3)**3) + 3*(a**3 + 3*a**2*b + 3*a*b**2 + b**3)*(-b**3 + 3*b**2*(a**3 + 3*a**2*b + 3*a*b**2 + b**3) - 3*b*(a**3 + 3*a**2*b + 3*a*b**2 + b**3)**2 + (a**3 + 3*a**2*b + 3*a*b**2 + b**3)**3)**2 + (-b**3 + 3*b**2*(a**3 + 3*a**2*b + 3*a*b**2 + b**3) - 3*b*(a**3 + 3*a**2*b + 3*a*b**2 + b**3)**2 + (a**3 + 3*a**2*b + 3*a*b**2 + b**3)**3)**3)**2)"
                            },
                            {
                                "operation": 6,
                                "formula_after": "Eq(6*(b**3 - 3*b**2*(a**3 + 3*a**2*b + 3*a*b**2 + b**3) + 3*b*(a**3 + 3*a**2*b + 3*a*b**2 + b**3)**2 + 3*(a**3 + 3*a**2*b + 3*a*b**2 + b**3)**2*(-b**3 + 3*b**2*(a**3 + 3*a**2*b + 3*a*b**2 + b**3) - 3*b*(a**3 + 3*a**2*b + 3*a*b**2 + b**3)**2 + (a**3 + 3*a**2*b + 3*a*b**2 + b**3)**3) + 3*(a**3 + 3*a**2*b + 3*a*b**2 + b**3)*(-b**3 + 3*b**2*(a**3 + 3*a**2*b + 3*a*b**2 + b**3) - 3*b*(a**3 + 3*a**2*b + 3*a*b**2 + b**3)**2 + (a**3 + 3*a**2*b + 3*a*b**2 + b**3)**3)**2 + (-b**3 + 3*b**2*(a**3 + 3*a**2*b + 3*a*b**2 + b**3) - 3*b*(a**3 + 3*a**2*b + 3*a*b**2 + b**3)**2 + (a**3 + 3*a**2*b + 3*a*b**2 + b**3)**3)**3)*(-b**3 + 3*b**2*(a**3 + 3*a**2*b + 3*a*b**2 + b**3) - 3*b*(a**3 + 3*a**2*b + 3*a*b**2 + b**3)**2 + 2*(a**3 + 3*a**2*b + 3*a*b**2 + b**3)**3 + 3*(a**3 + 3*a**2*b + 3*a*b**2 + b**3)**2*(-b**3 + 3*b**2*(a**3 + 3*a**2*b + 3*a*b**2 + b**3) - 3*b*(a**3 + 3*a**2*b + 3*a*b**2 + b**3)**2 + (a**3 + 3*a**2*b + 3*a*b**2 + b**3)**3) + 3*(a**3 + 3*a**2*b + 3*a*b**2 + b**3)*(-b**3 + 3*b**2*(a**3 + 3*a**2*b + 3*a*b**2 + b**3) - 3*b*(a**3 + 3*a**2*b + 3*a*b**2 + b**3)**2 + (a**3 + 3*a**2*b + 3*a*b**2 + b**3)**3)**2 + (-b**3 + 3*b**2*(a**3 + 3*a**2*b + 3*a*b**2 + b**3) - 3*b*(a**3 + 3*a**2*b + 3*a*b**2 + b**3)**2 + (a**3 + 3*a**2*b + 3*a*b**2 + b**3)**3)**3), -6*(-b**3 + 3*b**2*(a**3 + 3*a**2*b + 3*a*b**2 + b**3) - 3*b*(a**3 + 3*a**2*b + 3*a*b**2 + b**3)**2 + (a**3 + 3*a**2*b + 3*a*b**2 + b**3)**3)**2 + 6*((a**3 + 3*a**2*b + 3*a*b**2 + b**3)**3 + 3*(a**3 + 3*a**2*b + 3*a*b**2 + b**3)**2*(-b**3 + 3*b**2*(a**3 + 3*a**2*b + 3*a*b**2 + b**3) - 3*b*(a**3 + 3*a**2*b + 3*a*b**2 + b**3)**2 + (a**3 + 3*a**2*b + 3*a*b**2 + b**3)**3) + 3*(a**3 + 3*a**2*b + 3*a*b**2 + b**3)*(-b**3 + 3*b**2*(a**3 + 3*a**2*b + 3*a*b**2 + b**3) - 3*b*(a**3 + 3*a**2*b + 3*a*b**2 + b**3)**2 + (a**3 + 3*a**2*b + 3*a*b**2 + b**3)**3)**2 + (-b**3 + 3*b**2*(a**3 + 3*a**2*b + 3*a*b**2 + b**3) - 3*b*(a**3 + 3*a**2*b + 3*a*b**2 + b**3)**2 + (a**3 + 3*a**2*b + 3*a*b**2 + b**3)**3)**3)**2)"
                            },
                            {
                                "operation": 1,
                                "formula_after": "Eq(6*(b**3 - 3*b**2*(b**3 + 15*b**2 + 75*b + 125) + 3*b*(b**3 + 15*b**2 + 75*b + 125)**2 + (-b**3 + 3*b**2*(b**3 + 15*b**2 + 75*b + 125) - 3*b*(b**3 + 15*b**2 + 75*b + 125)**2 + (b**3 + 15*b**2 + 75*b + 125)**3)**3 + 3*(-b**3 + 3*b**2*(b**3 + 15*b**2 + 75*b + 125) - 3*b*(b**3 + 15*b**2 + 75*b + 125)**2 + (b**3 + 15*b**2 + 75*b + 125)**3)**2*(b**3 + 15*b**2 + 75*b + 125) + 3*(-b**3 + 3*b**2*(b**3 + 15*b**2 + 75*b + 125) - 3*b*(b**3 + 15*b**2 + 75*b + 125)**2 + (b**3 + 15*b**2 + 75*b + 125)**3)*(b**3 + 15*b**2 + 75*b + 125)**2)*(-b**3 + 3*b**2*(b**3 + 15*b**2 + 75*b + 125) - 3*b*(b**3 + 15*b**2 + 75*b + 125)**2 + (-b**3 + 3*b**2*(b**3 + 15*b**2 + 75*b + 125) - 3*b*(b**3 + 15*b**2 + 75*b + 125)**2 + (b**3 + 15*b**2 + 75*b + 125)**3)**3 + 3*(-b**3 + 3*b**2*(b**3 + 15*b**2 + 75*b + 125) - 3*b*(b**3 + 15*b**2 + 75*b + 125)**2 + (b**3 + 15*b**2 + 75*b + 125)**3)**2*(b**3 + 15*b**2 + 75*b + 125) + 3*(-b**3 + 3*b**2*(b**3 + 15*b**2 + 75*b + 125) - 3*b*(b**3 + 15*b**2 + 75*b + 125)**2 + (b**3 + 15*b**2 + 75*b + 125)**3)*(b**3 + 15*b**2 + 75*b + 125)**2 + 2*(b**3 + 15*b**2 + 75*b + 125)**3), -6*(-b**3 + 3*b**2*(b**3 + 15*b**2 + 75*b + 125) - 3*b*(b**3 + 15*b**2 + 75*b + 125)**2 + (b**3 + 15*b**2 + 75*b + 125)**3)**2 + 6*((-b**3 + 3*b**2*(b**3 + 15*b**2 + 75*b + 125) - 3*b*(b**3 + 15*b**2 + 75*b + 125)**2 + (b**3 + 15*b**2 + 75*b + 125)**3)**3 + 3*(-b**3 + 3*b**2*(b**3 + 15*b**2 + 75*b + 125) - 3*b*(b**3 + 15*b**2 + 75*b + 125)**2 + (b**3 + 15*b**2 + 75*b + 125)**3)**2*(b**3 + 15*b**2 + 75*b + 125) + 3*(-b**3 + 3*b**2*(b**3 + 15*b**2 + 75*b + 125) - 3*b*(b**3 + 15*b**2 + 75*b + 125)**2 + (b**3 + 15*b**2 + 75*b + 125)**3)*(b**3 + 15*b**2 + 75*b + 125)**2 + (b**3 + 15*b**2 + 75*b + 125)**3)**2)"
                            },
                            {
                                "operation": 6,
                                "formula_after": "Eq(6*(b**3 - 3*b**2*(b**3 + 15*b**2 + 75*b + 125) + 3*b*(b**3 + 15*b**2 + 75*b + 125)**2 + (-b**3 + 3*b**2*(b**3 + 15*b**2 + 75*b + 125) - 3*b*(b**3 + 15*b**2 + 75*b + 125)**2 + (b**3 + 15*b**2 + 75*b + 125)**3)**3 + 3*(-b**3 + 3*b**2*(b**3 + 15*b**2 + 75*b + 125) - 3*b*(b**3 + 15*b**2 + 75*b + 125)**2 + (b**3 + 15*b**2 + 75*b + 125)**3)**2*(b**3 + 15*b**2 + 75*b + 125) + 3*(-b**3 + 3*b**2*(b**3 + 15*b**2 + 75*b + 125) - 3*b*(b**3 + 15*b**2 + 75*b + 125)**2 + (b**3 + 15*b**2 + 75*b + 125)**3)*(b**3 + 15*b**2 + 75*b + 125)**2)*(-b**3 + 3*b**2*(b**3 + 15*b**2 + 75*b + 125) - 3*b*(b**3 + 15*b**2 + 75*b + 125)**2 + (-b**3 + 3*b**2*(b**3 + 15*b**2 + 75*b + 125) - 3*b*(b**3 + 15*b**2 + 75*b + 125)**2 + (b**3 + 15*b**2 + 75*b + 125)**3)**3 + 3*(-b**3 + 3*b**2*(b**3 + 15*b**2 + 75*b + 125) - 3*b*(b**3 + 15*b**2 + 75*b + 125)**2 + (b**3 + 15*b**2 + 75*b + 125)**3)**2*(b**3 + 15*b**2 + 75*b + 125) + 3*(-b**3 + 3*b**2*(b**3 + 15*b**2 + 75*b + 125) - 3*b*(b**3 + 15*b**2 + 75*b + 125)**2 + (b**3 + 15*b**2 + 75*b + 125)**3)*(b**3 + 15*b**2 + 75*b + 125)**2 + 2*(b**3 + 15*b**2 + 75*b + 125)**3), -6*(-b**3 + 3*b**2*(b**3 + 15*b**2 + 75*b + 125) - 3*b*(b**3 + 15*b**2 + 75*b + 125)**2 + (b**3 + 15*b**2 + 75*b + 125)**3)**2 + 6*((-b**3 + 3*b**2*(b**3 + 15*b**2 + 75*b + 125) - 3*b*(b**3 + 15*b**2 + 75*b + 125)**2 + (b**3 + 15*b**2 + 75*b + 125)**3)**3 + 3*(-b**3 + 3*b**2*(b**3 + 15*b**2 + 75*b + 125) - 3*b*(b**3 + 15*b**2 + 75*b + 125)**2 + (b**3 + 15*b**2 + 75*b + 125)**3)**2*(b**3 + 15*b**2 + 75*b + 125) + 3*(-b**3 + 3*b**2*(b**3 + 15*b**2 + 75*b + 125) - 3*b*(b**3 + 15*b**2 + 75*b + 125)**2 + (b**3 + 15*b**2 + 75*b + 125)**3)*(b**3 + 15*b**2 + 75*b + 125)**2 + (b**3 + 15*b**2 + 75*b + 125)**3)**2)"
                            },
                            {
                                "operation": 5,
                                "formula_after": "Eq(6*(b**64 - 348*b**2*(b**3 + 93*b**2 + 75*b + 14) + 3*b*(b**3 + 15*b**2 + 75*b + 16)**2 + (-b**3 + 3*b**2*(b**3 + 15*b**2 + 75*b + 41) - 3*b*(b**3 + 15*b**2 + 75*b + 125)**2 + (b**3 + 15*b**2 + 75*b + 125)**3)**3 + 3*(-b**3 + 3*b**2*(b**3 + 15*b**2 + 75*b + 125) - 3*b*(b**3 + 15*b**2 + 75*b + 125)**2 + (b**3 + 15*b**2 + 75*b + 125)**3)**2*(b**3 + 15*b**2 + 75*b + 125) + 3*(-b**3 + 3*b**2*(b**3 + 15*b**2 + 75*b + 125) - 3*b*(b**3 + 15*b**2 + 75*b + 125)**2 + (b**3 + 15*b**2 + 75*b + 125)**3)*(b**3 + 15*b**2 + 75*b + 125)**2)*(-b**3 + 3*b**2*(b**3 + 15*b**2 + 75*b + 125) - 3*b*(b**3 + 15*b**2 + 75*b + 125)**2 + (-b**3 + 3*b**2*(b**3 + 15*b**2 + 75*b + 125) - 3*b*(b**3 + 15*b**2 + 75*b + 125)**2 + (b**3 + 15*b**2 + 75*b + 125)**3)**3 + 3*(-b**3 + 3*b**2*(b**3 + 15*b**2 + 75*b + 125) - 3*b*(b**3 + 15*b**2 + 75*b + 125)**2 + (b**3 + 15*b**2 + 75*b + 125)**3)**2*(b**3 + 15*b**2 + 75*b + 125) + 3*(-b**3 + 3*b**2*(b**3 + 15*b**2 + 75*b + 125) - 3*b*(b**3 + 15*b**2 + 75*b + 125)**2 + (b**3 + 15*b**2 + 75*b + 125)**3)*(b**3 + 15*b**2 + 75*b + 125)**2 + 2*(b**3 + 15*b**2 + 75*b + 125)**3), -6*(-b**3 + 3*b**2*(b**3 + 15*b**2 + 75*b + 125) - 3*b*(b**3 + 15*b**2 + 75*b + 125)**2 + (b**3 + 15*b**2 + 75*b + 125)**3)**2 + 6*((-b**3 + 3*b**2*(b**3 + 15*b**2 + 75*b + 125) - 3*b*(b**3 + 15*b**2 + 75*b + 125)**2 + (b**3 + 15*b**2 + 75*b + 125)**3)**3 + 3*(-b**3 + 3*b**2*(b**3 + 15*b**2 + 75*b + 125) - 3*b*(b**3 + 15*b**2 + 75*b + 125)**2 + (b**3 + 15*b**2 + 75*b + 125)**3)**2*(b**3 + 15*b**2 + 75*b + 125) + 3*(-b**3 + 3*b**2*(b**3 + 15*b**2 + 75*b + 125) - 3*b*(b**3 + 15*b**2 + 75*b + 125)**2 + (b**3 + 15*b**2 + 75*b + 125)**3)*(b**3 + 15*b**2 + 75*b + 125)**2 + (b**3 + 15*b**2 + 75*b + 125)**3)**2)"
                            }
                        ],
                        "complexity": {
                            "edit_distance": null,
                            "score": 6
                        }
                    }
                ]
            },
            {
                "transformation_round": 9,
                "num_operations": 7,
                "results": [
                    {
                        "formula": {
                            "left": "(-a**2 + a + b**2)*(a**2 + a - b**2)",
                            "right": "a**2 - (a**2 - b**2)**2"
                        },
                        "tricks": [
                            {
                                "operation": 3,
                                "formula_after": "Eq((-a**2 + a + b**2)*(a**2 + a - b**2), a**2 - (a**2 - b**2)**2)"
                            },
                            {
                                "operation": 5,
                                "formula_after": "Eq((-a**31 + a + b**83)*(a**18 + a - b**84), a**2 - (a**2 - b**2)**2)"
                            }
                        ],
                        "complexity": {
                            "edit_distance": null,
                            "score": 0
                        }
                    }
                ]
            }
        ]
    },
    "sum_of_perf_squa_n_diff": {
        "rule_name": "sum_of_perf_squa_n_diff",
        "original_expression": "(a-b)**2=a**2-2*a*b+b**2",
        "executions": [
            {
                "transformation_round": 1,
                "num_operations": 6,
                "results": [
                    {
                        "formula": {
                            "left": "(a - b)**2",
                            "right": "a**2 - 2*a*b + b**2"
                        },
                        "tricks": [
                            {
                                "operation": 5,
                                "formula_after": "Eq((a - b)**60, a**17 - 2*a*b + b**2)"
                            }
                        ],
                        "complexity": {
                            "edit_distance": null,
                            "score": 0
                        }
                    }
                ]
            },
            {
                "transformation_round": 2,
                "num_operations": 8,
                "results": [
                    {
                        "formula": {
                            "left": "(5 - E)**2",
                            "right": "E**2 - 10*E + 25"
                        },
                        "tricks": [
                            {
                                "operation": 1,
                                "formula_after": "Eq((5 - b)**2, b**2 - 10*b + 25)"
                            },
                            {
                                "operation": 2,
                                "formula_after": "Eq((5 - E)**2, E**2 - 10*E + 25)"
                            },
                            {
                                "operation": 6,
                                "formula_after": "Eq((5 - E)**2, E**2 - 10*E + 25)"
                            },
                            {
                                "operation": 5,
                                "formula_after": "Eq((66 - E)**2, E**2 - 10*E + 25)"
                            }
                        ],
                        "complexity": {
                            "edit_distance": null,
                            "score": 3
                        }
                    }
                ]
            },
            {
                "transformation_round": 3,
                "num_operations": 3,
                "results": [
                    {
                        "formula": {
                            "left": "(a - b)**2",
                            "right": "a**2 - 2*a*b + b**2"
                        },
                        "tricks": [
                            {
                                "operation": 5,
                                "formula_after": "Eq((a - b)**56, a**2 - 2*a*b + b**2)"
                            }
                        ],
                        "complexity": {
                            "edit_distance": null,
                            "score": 0
                        }
                    }
                ]
            },
            {
                "transformation_round": 4,
                "num_operations": 5,
                "results": [
                    {
                        "formula": {
                            "left": "(a - b)**2",
                            "right": "a**2 - 2*a*b + b**2"
                        },
                        "tricks": [
                            {
                                "operation": 5,
                                "formula_after": "Eq((a - b)**4, a**93 - 95*a*b + b**2)"
                            }
                        ],
                        "complexity": {
                            "edit_distance": null,
                            "score": 0
                        }
                    }
                ]
            },
            {
                "transformation_round": 6,
                "num_operations": 5,
                "results": [
                    {
                        "formula": {
                            "left": "(ο - 9)**2",
                            "right": "ο**2 - 18*ο + 81"
                        },
                        "tricks": [
                            {
                                "operation": 7,
                                "formula_after": "Eq((a - b)**2, a**2 - 2*a*b + b**2)"
                            },
                            {
                                "operation": 1,
                                "formula_after": "Eq((a - 9)**2, a**2 - 18*a + 81)"
                            },
                            {
                                "operation": 2,
                                "formula_after": "Eq((ο - 9)**2, ο**2 - 18*ο + 81)"
                            },
                            {
                                "operation": 1,
                                "formula_after": "True"
                            }
                        ],
                        "complexity": {
                            "edit_distance": null,
                            "score": 4
                        }
                    }
                ]
            },
            {
                "transformation_round": 8,
                "num_operations": 3,
                "results": [
                    {
                        "formula": {
                            "left": "(a - b)**2",
                            "right": "a**2 - 2*a*b + b**2"
                        },
                        "tricks": [
                            {
                                "operation": 6,
                                "formula_after": "Eq((a - b)**2, a**2 - 2*a*b + b**2)"
                            },
                            {
                                "operation": 5,
                                "formula_after": "Eq((a - b)**83, a**2 - 2*a*b + b**2)"
                            }
                        ],
                        "complexity": {
                            "edit_distance": null,
                            "score": 1
                        }
                    }
                ]
            },
            {
                "transformation_round": 9,
                "num_operations": 6,
                "results": [
                    {
                        "formula": {
                            "left": "3*(10 - b)**2",
                            "right": "3*b**2 - 60*b + 300"
                        },
                        "tricks": [
                            {
                                "operation": 4,
                                "formula_after": "Eq(3*(a - b)**2, 3*a**2 - 6*a*b + 3*b**2)"
                            },
                            {
                                "operation": 1,
                                "formula_after": "Eq(3*(10 - b)**2, 3*b**2 - 60*b + 300)"
                            },
                            {
                                "operation": 5,
                                "formula_after": "Eq(55*(50 - b)**90, 13*b**35 - 14*b + 300)"
                            }
                        ],
                        "complexity": {
                            "edit_distance": null,
                            "score": 2
                        }
                    }
                ]
            },
            {
                "transformation_round": 10,
                "num_operations": 1,
                "results": [
                    {
                        "formula": {
                            "left": "(a - b)**2",
                            "right": "a**2 - 2*a*b + b**2"
                        },
                        "tricks": [
                            {
                                "operation": 5,
                                "formula_after": "Eq((a - b)**53, a**2 - 2*a*b + b**2)"
                            }
                        ],
                        "complexity": {
                            "edit_distance": null,
                            "score": 0
                        }
                    }
                ]
            }
        ]
    },
    "perf_cube_n_the_form": {
        "rule_name": "perf_cube_n_the_form",
        "original_expression": "(a-b)**3=a**3-3*a**2*b+3*a*b**2-b**3",
        "executions": [
            {
                "transformation_round": 3,
                "num_operations": 9,
                "results": [
                    {
                        "formula": {
                            "left": "9*(a - b)**3",
                            "right": "9*a**3 - 27*a**2*b + 27*a*b**2 - 9*b**3"
                        },
                        "tricks": [
                            {
                                "operation": 4,
                                "formula_after": "Eq(9*(a - b)**3, 9*a**3 - 27*a**2*b + 27*a*b**2 - 9*b**3)"
                            },
                            {
                                "operation": 2,
                                "formula_after": "True"
                            }
                        ],
                        "complexity": {
                            "edit_distance": null,
                            "score": 2
                        }
                    }
                ]
            },
            {
                "transformation_round": 8,
                "num_operations": 7,
                "results": [
                    {
                        "formula": {
                            "left": "8*(-(a_1*n + n*(n - 1)*(-b**3 + 3*b**2*(a**2 - b**2) - 3*b*(a**2 - b**2)**2 + (a**2 - b**2)**3)/2)**2 + (b**2 - 2*b*(a**2 - b**2) + (a**2 - b**2)**2)**2 + 8)**3",
                            "right": "-1536*(a_1*n + n*(n - 1)*(-b**3 + 3*b**2*(a**2 - b**2) - 3*b*(a**2 - b**2)**2 + (a**2 - b**2)**3)/2)**2 - 8*((a_1*n + n*(n - 1)*(-b**3 + 3*b**2*(a**2 - b**2) - 3*b*(a**2 - b**2)**2 + (a**2 - b**2)**3)/2)**2 - (b**2 - 2*b*(a**2 - b**2) + (a**2 - b**2)**2)**2)**3 + 192*((a_1*n + n*(n - 1)*(-b**3 + 3*b**2*(a**2 - b**2) - 3*b*(a**2 - b**2)**2 + (a**2 - b**2)**3)/2)**2 - (b**2 - 2*b*(a**2 - b**2) + (a**2 - b**2)**2)**2)**2 + 1536*(b**2 - 2*b*(a**2 - b**2) + (a**2 - b**2)**2)**2 + 4096"
                        },
                        "tricks": [
                            {
                                "operation": 4,
                                "formula_after": "Eq(8*(a - b)**3, 8*a**3 - 24*a**2*b + 24*a*b**2 - 8*b**3)"
                            },
                            {
                                "operation": 7,
                                "formula_after": "Eq(8*(a - b)**3, 8*a**3 - 24*a**2*b + 24*a*b**2 - 8*b**3)"
                            },
                            {
                                "operation": 1,
                                "formula_after": "Eq(8*(8 - b)**3, -8*b**3 + 192*b**2 - 1536*b + 4096)"
                            },
                            {
                                "operation": 3,
                                "formula_after": "Eq(8*(-a**2 + b**2 + 8)**3, -1536*a**2 + 1536*b**2 - 8*(a**2 - b**2)**3 + 192*(a**2 - b**2)**2 + 4096)"
                            },
                            {
                                "operation": 3,
                                "formula_after": "Eq(8*(-(a_1*n + d*n*(n - 1)/2)**2 + (a**2 - 2*a*b + b**2)**2 + 8)**3, -1536*(a_1*n + d*n*(n - 1)/2)**2 - 8*((a_1*n + d*n*(n - 1)/2)**2 - (a**2 - 2*a*b + b**2)**2)**3 + 192*((a_1*n + d*n*(n - 1)/2)**2 - (a**2 - 2*a*b + b**2)**2)**2 + 1536*(a**2 - 2*a*b + b**2)**2 + 4096)"
                            },
                            {
                                "operation": 3,
                                "formula_after": "Eq(8*(-(a_1*n + n*(n - 1)*(-b**3 + 3*b**2*(a**2 - b**2) - 3*b*(a**2 - b**2)**2 + (a**2 - b**2)**3)/2)**2 + (b**2 - 2*b*(a**2 - b**2) + (a**2 - b**2)**2)**2 + 8)**3, -1536*(a_1*n + n*(n - 1)*(-b**3 + 3*b**2*(a**2 - b**2) - 3*b*(a**2 - b**2)**2 + (a**2 - b**2)**3)/2)**2 - 8*((a_1*n + n*(n - 1)*(-b**3 + 3*b**2*(a**2 - b**2) - 3*b*(a**2 - b**2)**2 + (a**2 - b**2)**3)/2)**2 - (b**2 - 2*b*(a**2 - b**2) + (a**2 - b**2)**2)**2)**3 + 192*((a_1*n + n*(n - 1)*(-b**3 + 3*b**2*(a**2 - b**2) - 3*b*(a**2 - b**2)**2 + (a**2 - b**2)**3)/2)**2 - (b**2 - 2*b*(a**2 - b**2) + (a**2 - b**2)**2)**2)**2 + 1536*(b**2 - 2*b*(a**2 - b**2) + (a**2 - b**2)**2)**2 + 4096)"
                            },
                            {
                                "operation": 7,
                                "formula_after": "Eq(8*(-(a_1*n + n*(n - 1)*(-b**3 + 3*b**2*(a**2 - b**2) - 3*b*(a**2 - b**2)**2 + (a**2 - b**2)**3)/2)**2 + (b**2 - 2*b*(a**2 - b**2) + (a**2 - b**2)**2)**2 + 8)**3, -1536*(a_1*n + n*(n - 1)*(-b**3 + 3*b**2*(a**2 - b**2) - 3*b*(a**2 - b**2)**2 + (a**2 - b**2)**3)/2)**2 - 8*((a_1*n + n*(n - 1)*(-b**3 + 3*b**2*(a**2 - b**2) - 3*b*(a**2 - b**2)**2 + (a**2 - b**2)**3)/2)**2 - (b**2 - 2*b*(a**2 - b**2) + (a**2 - b**2)**2)**2)**3 + 192*((a_1*n + n*(n - 1)*(-b**3 + 3*b**2*(a**2 - b**2) - 3*b*(a**2 - b**2)**2 + (a**2 - b**2)**3)/2)**2 - (b**2 - 2*b*(a**2 - b**2) + (a**2 - b**2)**2)**2)**2 + 1536*(b**2 - 2*b*(a**2 - b**2) + (a**2 - b**2)**2)**2 + 4096)"
                            }
                        ],
                        "complexity": {
                            "edit_distance": null,
                            "score": 7
                        }
                    }
                ]
            },
            {
                "transformation_round": 10,
                "num_operations": 9,
                "results": [
                    {
                        "formula": {
                            "left": "(-a**2 + 2*a*b - b**2 + 5)**3",
                            "right": "-75*a**2 + 150*a*b - 75*b**2 - (a**2 - 2*a*b + b**2)**3 + 15*(a**2 - 2*a*b + b**2)**2 + 125"
                        },
                        "tricks": [
                            {
                                "operation": 1,
                                "formula_after": "Eq((5 - b)**3, -b**3 + 15*b**2 - 75*b + 125)"
                            },
                            {
                                "operation": 6,
                                "formula_after": "Eq((5 - b)**3, -b**3 + 15*b**2 - 75*b + 125)"
                            },
                            {
                                "operation": 2,
                                "formula_after": "Eq((5 - ψ)**3, -ψ**3 + 15*ψ**2 - 75*ψ + 125)"
                            },
                            {
                                "operation": 6,
                                "formula_after": "Eq((5 - ψ)**3, -ψ**3 + 15*ψ**2 - 75*ψ + 125)"
                            },
                            {
                                "operation": 7,
                                "formula_after": "Eq((5 - ψ)**3, -ψ**3 + 15*ψ**2 - 75*ψ + 125)"
                            },
                            {
                                "operation": 6,
                                "formula_after": "Eq((5 - ψ)**3, -ψ**3 + 15*ψ**2 - 75*ψ + 125)"
                            },
                            {
                                "operation": 3,
                                "formula_after": "Eq((-a**2 + 2*a*b - b**2 + 5)**3, -75*a**2 + 150*a*b - 75*b**2 - (a**2 - 2*a*b + b**2)**3 + 15*(a**2 - 2*a*b + b**2)**2 + 125)"
                            },
                            {
                                "operation": 6,
                                "formula_after": "Eq((-a**2 + 2*a*b - b**2 + 5)**3, -75*a**2 + 150*a*b - 75*b**2 - (a**2 - 2*a*b + b**2)**3 + 15*(a**2 - 2*a*b + b**2)**2 + 125)"
                            },
                            {
                                "operation": 5,
                                "formula_after": "Eq((-a**967 + 40*a*b - b**89 + 5)**81, -39*a**78 + 150*a*b - 75*b**82 - (a**2 - 2*a*b + b**2)**3 + 15*(a**2 - 2*a*b + b**2)**2 + 125)"
                            }
                        ],
                        "complexity": {
                            "edit_distance": null,
                            "score": 8
                        }
                    }
                ]
            }
        ]
    },
    "cubi_sum_diff": {
        "rule_name": "cubi_sum_diff",
        "original_expression": "a**3-b**3=(a+b)(a**2+a*b+b**2)",
        "executions": []
    },
    "arit_prog": {
        "rule_name": "arit_prog",
        "original_expression": "S_n = n * a_1 + (n * (n - 1) * d) / 2",
        "executions": [
            {
                "transformation_round": 1,
                "num_operations": 7,
                "results": [
                    {
                        "formula": {
                            "left": "14*Q",
                            "right": "7*f*σ*(σ - 1) + 14*x*σ"
                        },
                        "tricks": [
                            {
                                "operation": 4,
                                "formula_after": "Eq(2*S_n, 2*a_1*n + d*n*(n - 1))"
                            },
                            {
                                "operation": 2,
                                "formula_after": "Eq(2*Q, f*σ*(σ - 1) + 2*x*σ)"
                            },
                            {
                                "operation": 7,
                                "formula_after": "Eq(2*Q, f*σ*(σ - 1) + 2*x*σ)"
                            },
                            {
                                "operation": 4,
                                "formula_after": "Eq(14*Q, 7*f*σ*(σ - 1) + 14*x*σ)"
                            },
                            {
                                "operation": 2,
                                "formula_after": "Eq(14*Q, 7*f*σ*(σ - 1) + 14*x*σ)"
                            },
                            {
                                "operation": 6,
                                "formula_after": "Eq(14*Q, 7*f*σ*(σ - 1) + 14*x*σ)"
                            },
                            {
                                "operation": 3,
                                "formula_after": "Eq(14*a**3 + 42*a**2*b + 42*a*b**2 + 14*b**3, 7*f*σ*(σ - 1) + 14*x*σ)"
                            }
                        ],
                        "complexity": {
                            "edit_distance": null,
                            "score": 7
                        }
                    }
                ]
            },
            {
                "transformation_round": 4,
                "num_operations": 2,
                "results": [
                    {
                        "formula": {
                            "left": "a**2 + 2*a*b + b**2",
                            "right": "(a**2 - b**2)*(a**3 + 3*a**2*b + 3*a*b**2 + b**3)*(a**3 + 3*a**2*b + 3*a*b**2 + b**3 - 1)/2 + (a**3 + 3*a**2*b + 3*a*b**2 + b**3)**2"
                        },
                        "tricks": [
                            {
                                "operation": 3,
                                "formula_after": "Eq(a**2 + 2*a*b + b**2, (a**2 - b**2)*(a**3 + 3*a**2*b + 3*a*b**2 + b**3)*(a**3 + 3*a**2*b + 3*a*b**2 + b**3 - 1)/2 + (a**3 + 3*a**2*b + 3*a*b**2 + b**3)**2)"
                            },
                            {
                                "operation": 6,
                                "formula_after": "Eq(a**2 + 2*a*b + b**2, (a**2 - b**2)*(a**3 + 3*a**2*b + 3*a*b**2 + b**3)*(a**3 + 3*a**2*b + 3*a*b**2 + b**3 - 1)/2 + (a**3 + 3*a**2*b + 3*a*b**2 + b**3)**2)"
                            }
                        ],
                        "complexity": {
                            "edit_distance": null,
                            "score": -1
                        }
                    }
                ]
            },
            {
                "transformation_round": 5,
                "num_operations": 9,
                "results": [
                    {
                        "formula": {
                            "left": "1600*h",
                            "right": "9600*V + 24000*μ"
                        },
                        "tricks": [
                            {
                                "operation": 2,
                                "formula_after": "Eq(h, P*V + P*μ*(P - 1)/2)"
                            },
                            {
                                "operation": 7,
                                "formula_after": "Eq(h, P*V + P*μ*(P - 1)/2)"
                            },
                            {
                                "operation": 1,
                                "formula_after": "Eq(h, 6*V + 15*μ)"
                            },
                            {
                                "operation": 4,
                                "formula_after": "Eq(10*h, 60*V + 150*μ)"
                            },
                            {
                                "operation": 4,
                                "formula_after": "Eq(100*h, 600*V + 1500*μ)"
                            },
                            {
                                "operation": 6,
                                "formula_after": "Eq(100*h, 600*V + 1500*μ)"
                            },
                            {
                                "operation": 4,
                                "formula_after": "Eq(200*h, 1200*V + 3000*μ)"
                            },
                            {
                                "operation": 4,
                                "formula_after": "Eq(1600*h, 9600*V + 24000*μ)"
                            },
                            {
                                "operation": 2,
                                "formula_after": "Eq(1600*h, 9600*V + 24000*μ)"
                            }
                        ],
                        "complexity": {
                            "edit_distance": null,
                            "score": 9
                        }
                    }
                ]
            },
            {
                "transformation_round": 7,
                "num_operations": 5,
                "results": [
                    {
                        "formula": {
                            "left": "Y",
                            "right": "N*j*(N - 1)/2 + N*ζ"
                        },
                        "tricks": [
                            {
                                "operation": 7,
                                "formula_after": "Eq(S_n, a_1*n + d*n*(n - 1)/2)"
                            },
                            {
                                "operation": 2,
                                "formula_after": "Eq(Y, N*j*(N - 1)/2 + N*ζ)"
                            },
                            {
                                "operation": 5,
                                "formula_after": "Eq(Y, N*j*(N - 687)/2 + N*ζ)"
                            }
                        ],
                        "complexity": {
                            "edit_distance": null,
                            "score": 2
                        }
                    }
                ]
            },
            {
                "transformation_round": 10,
                "num_operations": 1,
                "results": [
                    {
                        "formula": {
                            "left": "S_n",
                            "right": "a_1*n + d*n*(n - 1)/2"
                        },
                        "tricks": [
                            {
                                "operation": 3,
                                "formula_after": "Eq(S_n, a_1*(a**2 + 2*a*b + b**2) + (a**2 + 2*a*b + b**2)**2*(a**2 + 2*a*b + b**2 - 1)/2)"
                            }
                        ],
                        "complexity": {
                            "edit_distance": null,
                            "score": 0
                        }
                    }
                ]
            }
        ]
    },
    "geom_prog": {
        "rule_name": "geom_prog",
        "original_expression": "(a_1*(1 - q**n))/(1 - q)",
        "executions": [
            {
                "transformation_round": 1,
                "num_operations": 1,
                "results": [
                    {
                        "formula": {
                            "left": "a_1*(1 - q**n)/(1 - q)",
                            "right": null
                        },
                        "tricks": [
                            {
                                "operation": 7,
                                "formula_after": "a_1*(1 - q**n)/(1 - q)"
                            }
                        ],
                        "complexity": {
                            "edit_distance": null,
                            "score": 1
                        }
                    }
                ]
            },
            {
                "transformation_round": 2,
                "num_operations": 1,
                "results": [
                    {
                        "formula": {
                            "left": "a_1*(1 - q**n)/(1 - q)",
                            "right": null
                        },
                        "tricks": [
                            {
                                "operation": 5,
                                "formula_after": "a_29*(18 - q**n)/(1 - q)"
                            }
                        ],
                        "complexity": {
                            "edit_distance": null,
                            "score": 0
                        }
                    }
                ]
            },
            {
                "transformation_round": 3,
                "num_operations": 4,
                "results": [
                    {
                        "formula": {
                            "left": "(1 - q**(a**3 + 3*a**2*b + 3*a*b**2 + b**3))*(a**3 - 3*a**2*b + 3*a*b**2 - b**3)/(1 - q)",
                            "right": null
                        },
                        "tricks": [
                            {
                                "operation": 3,
                                "formula_after": "(1 - q**(a**3 + 3*a**2*b + 3*a*b**2 + b**3))*(a**3 - 3*a**2*b + 3*a*b**2 - b**3)/(1 - q)"
                            },
                            {
                                "operation": 7,
                                "formula_after": "(1 - q**(a**3 + 3*a**2*b + 3*a*b**2 + b**3))*(a**3 - 3*a**2*b + 3*a*b**2 - b**3)/(1 - q)"
                            },
                            {
                                "operation": 6,
                                "formula_after": "(1 - q**(a**3 + 3*a**2*b + 3*a*b**2 + b**3))*(a**3 - 3*a**2*b + 3*a*b**2 - b**3)/(1 - q)"
                            },
                            {
                                "operation": 7,
                                "formula_after": "(1 - q**(a**3 + 3*a**2*b + 3*a*b**2 + b**3))*(a**3 - 3*a**2*b + 3*a*b**2 - b**3)/(1 - q)"
                            }
                        ],
                        "complexity": {
                            "edit_distance": null,
                            "score": 3
                        }
                    }
                ]
            },
            {
                "transformation_round": 4,
                "num_operations": 4,
                "results": [
                    {
                        "formula": {
                            "left": "5*F*(1 - A**y)/(1 - A)",
                            "right": null
                        },
                        "tricks": [
                            {
                                "operation": 2,
                                "formula_after": "F*(1 - A**y)/(1 - A)"
                            },
                            {
                                "operation": 4,
                                "formula_after": "5*F*(1 - A**y)/(1 - A)"
                            },
                            {
                                "operation": 4,
                                "formula_after": "5*F*(1 - A**y)/(1 - A)"
                            },
                            {
                                "operation": 8,
                                "formula_after": "5*F*(1 - A**y)/(1 - A)"
                            }
                        ],
                        "complexity": {
                            "edit_distance": null,
                            "score": 4
                        }
                    }
                ]
            },
            {
                "transformation_round": 5,
                "num_operations": 3,
                "results": [
                    {
                        "formula": {
                            "left": "9*(1 - q**n)/(1 - q)",
                            "right": null
                        },
                        "tricks": [
                            {
                                "operation": 7,
                                "formula_after": "a_1*(1 - q**n)/(1 - q)"
                            },
                            {
                                "operation": 1,
                                "formula_after": "9*(1 - q**n)/(1 - q)"
                            },
                            {
                                "operation": 4,
                                "formula_after": "81*(1 - q**n)/(1 - q)"
                            }
                        ],
                        "complexity": {
                            "edit_distance": null,
                            "score": 3
                        }
                    }
                ]
            },
            {
                "transformation_round": 6,
                "num_operations": 6,
                "results": [
                    {
                        "formula": {
                            "left": "-C*(1 - 7**E)",
                            "right": null
                        },
                        "tricks": [
                            {
                                "operation": 8,
                                "formula_after": "a_1*(1 - q**n)/(1 - q)"
                            },
                            {
                                "operation": 4,
                                "formula_after": "6*a_1*(1 - q**n)/(1 - q)"
                            },
                            {
                                "operation": 2,
                                "formula_after": "6*C*(1 - j**E)/(1 - j)"
                            },
                            {
                                "operation": 1,
                                "formula_after": "-C*(1 - 7**E)"
                            },
                            {
                                "operation": 6,
                                "formula_after": "-C*(1 - 7**E)"
                            },
                            {
                                "operation": 5,
                                "formula_after": "-C*(1 - 85**E)"
                            }
                        ],
                        "complexity": {
                            "edit_distance": null,
                            "score": 5
                        }
                    }
                ]
            },
            {
                "transformation_round": 7,
                "num_operations": 5,
                "results": [
                    {
                        "formula": {
                            "left": "a_1*(1 - q**5)/(1 - q)",
                            "right": null
                        },
                        "tricks": [
                            {
                                "operation": 6,
                                "formula_after": "a_1*(1 - q**n)/(1 - q)"
                            },
                            {
                                "operation": 8,
                                "formula_after": "a_1*(1 - q**n)/(1 - q)"
                            },
                            {
                                "operation": 1,
                                "formula_after": "a_1*(1 - q**5)/(1 - q)"
                            },
                            {
                                "operation": 6,
                                "formula_after": "a_1*(1 - q**5)/(1 - q)"
                            },
                            {
                                "operation": 6,
                                "formula_after": "a_1*(1 - q**5)/(1 - q)"
                            }
                        ],
                        "complexity": {
                            "edit_distance": null,
                            "score": 5
                        }
                    }
                ]
            },
            {
                "transformation_round": 8,
                "num_operations": 5,
                "results": [
                    {
                        "formula": {
                            "left": "60*a_1*(1 - (a_1*n + n*(n - 1)/2)**n)/(-a_1*n - n*(n - 1)/2 + 1)",
                            "right": null
                        },
                        "tricks": [
                            {
                                "operation": 4,
                                "formula_after": "6*a_1*(1 - q**n)/(1 - q)"
                            },
                            {
                                "operation": 3,
                                "formula_after": "6*a_1*(1 - (a_1*n + d*n*(n - 1)/2)**n)/(-a_1*n - d*n*(n - 1)/2 + 1)"
                            },
                            {
                                "operation": 1,
                                "formula_after": "6*a_1*(1 - (a_1*n + n*(n - 1)/2)**n)/(-a_1*n - n*(n - 1)/2 + 1)"
                            },
                            {
                                "operation": 4,
                                "formula_after": "60*a_1*(1 - (a_1*n + n*(n - 1)/2)**n)/(-a_1*n - n*(n - 1)/2 + 1)"
                            },
                            {
                                "operation": 2,
                                "formula_after": "60*m*(1 - (M*m + M*(M - 1)/2)**M)/(-M*m - M*(M - 1)/2 + 1)"
                            }
                        ],
                        "complexity": {
                            "edit_distance": null,
                            "score": 4
                        }
                    }
                ]
            },
            {
                "transformation_round": 9,
                "num_operations": 6,
                "results": [
                    {
                        "formula": {
                            "left": "5*9**n/8 - 5/8",
                            "right": null
                        },
                        "tricks": [
                            {
                                "operation": 8,
                                "formula_after": "a_1*(1 - q**n)/(1 - q)"
                            },
                            {
                                "operation": 1,
                                "formula_after": "-a_1*(1 - 9**n)/8"
                            },
                            {
                                "operation": 6,
                                "formula_after": "a_1*(9**n/8 - 1/8)"
                            },
                            {
                                "operation": 1,
                                "formula_after": "5*9**n/8 - 5/8"
                            },
                            {
                                "operation": 6,
                                "formula_after": "5*9**n/8 - 5/8"
                            },
                            {
                                "operation": 3,
                                "formula_after": "5*9**(a**2 - b**2)/8 - 5/8"
                            }
                        ],
                        "complexity": {
                            "edit_distance": null,
                            "score": 6
                        }
                    }
                ]
            },
            {
                "transformation_round": 10,
                "num_operations": 5,
                "results": [
                    {
                        "formula": {
                            "left": "(1 - (a**2 - 2*a*b + b**2)**(a**2 - b**2))*(a**3 + 3*a**2*b + 3*a*b**2 + b**3)/(-a**2 + 2*a*b - b**2 + 1)",
                            "right": null
                        },
                        "tricks": [
                            {
                                "operation": 6,
                                "formula_after": "a_1*(1 - q**n)/(1 - q)"
                            },
                            {
                                "operation": 3,
                                "formula_after": "(1 - (a**2 - 2*a*b + b**2)**(a**2 - b**2))*(a**3 + 3*a**2*b + 3*a*b**2 + b**3)/(-a**2 + 2*a*b - b**2 + 1)"
                            },
                            {
                                "operation": 8,
                                "formula_after": "(1 - (a**2 - 2*a*b + b**2)**(a**2 - b**2))*(a**3 + 3*a**2*b + 3*a*b**2 + b**3)/(-a**2 + 2*a*b - b**2 + 1)"
                            },
                            {
                                "operation": 7,
                                "formula_after": "(1 - (a**2 - 2*a*b + b**2)**(a**2 - b**2))*(a**3 + 3*a**2*b + 3*a*b**2 + b**3)/(-a**2 + 2*a*b - b**2 + 1)"
                            },
                            {
                                "operation": 1,
                                "formula_after": "(1 - (b**2 - 18*b + 81)**(81 - b**2))*(b**3 + 27*b**2 + 243*b + 729)/(-b**2 + 18*b - 80)"
                            }
                        ],
                        "complexity": {
                            "edit_distance": null,
                            "score": 3
                        }
                    }
                ]
            }
        ]
    },
    "indu_form": {
        "rule_name": "indu_form",
        "original_expression": "tan(pi/2 - α) == cot(α)",
        "executions": [
            {
                "transformation_round": 1,
                "num_operations": 4,
                "results": [
                    {
                        "formula": {
                            "left": "tan(-alpha + pi/2)",
                            "right": "cot(alpha)"
                        },
                        "tricks": [
                            {
                                "operation": 6,
                                "formula_after": "Eq(tan(-alpha + pi/2), cot(alpha))"
                            },
                            {
                                "operation": 5,
                                "formula_after": "Eq(tan(-alpha + pi/58), cot(alpha))"
                            }
                        ],
                        "complexity": {
                            "edit_distance": null,
                            "score": 1
                        }
                    }
                ]
            },
            {
                "transformation_round": 6,
                "num_operations": 2,
                "results": [
                    {
                        "formula": {
                            "left": "tan(-alpha + pi/2)",
                            "right": "cot(alpha)"
                        },
                        "tricks": [
                            {
                                "operation": 5,
                                "formula_after": "Eq(tan(-alpha + pi/80), cot(alpha))"
                            }
                        ],
                        "complexity": {
                            "edit_distance": null,
                            "score": 0
                        }
                    }
                ]
            },
            {
                "transformation_round": 7,
                "num_operations": 7,
                "results": [
                    {
                        "formula": {
                            "left": "tan(-a**3 + 3*a**2*b + a**2/2 - 3*a*b**2 - a*b + b**3 + b**2/2)",
                            "right": "cot(a**3 - 3*a**2*b + 3*a*b**2 - b**3)"
                        },
                        "tricks": [
                            {
                                "operation": 3,
                                "formula_after": "Eq(tan(-a**3 + 3*a**2*b + a**2/2 - 3*a*b**2 - a*b + b**3 + b**2/2), cot(a**3 - 3*a**2*b + 3*a*b**2 - b**3))"
                            },
                            {
                                "operation": 5,
                                "formula_after": "Eq(tan(-a**854 + 92*a**2*b + a**2/2 - 71*a*b**2 - a*b + b**59 + b**2/2), cot(a**3 - 3*a**2*b + 3*a*b**2 - b**3))"
                            }
                        ],
                        "complexity": {
                            "edit_distance": null,
                            "score": 0
                        }
                    }
                ]
            },
            {
                "transformation_round": 9,
                "num_operations": 1,
                "results": [
                    {
                        "formula": {
                            "left": "tan(-alpha + pi/2)",
                            "right": "cot(alpha)"
                        },
                        "tricks": [
                            {
                                "operation": 4,
                                "formula_after": "Eq(6*tan(-alpha + pi/2), 6*cot(alpha))"
                            }
                        ],
                        "complexity": {
                            "edit_distance": null,
                            "score": 1
                        }
                    }
                ]
            },
            {
                "transformation_round": 10,
                "num_operations": 10,
                "results": [
                    {
                        "formula": {
                            "left": "tan(a**2/2 + a*b + b**2/2 - ψ)",
                            "right": "cot(ψ)"
                        },
                        "tricks": [
                            {
                                "operation": 6,
                                "formula_after": "Eq(tan(-alpha + pi/2), cot(alpha))"
                            },
                            {
                                "operation": 2,
                                "formula_after": "Eq(tan(q/2 - ψ), cot(ψ))"
                            },
                            {
                                "operation": 6,
                                "formula_after": "Eq(tan(q/2 - ψ), cot(ψ))"
                            },
                            {
                                "operation": 3,
                                "formula_after": "Eq(tan(a**2/2 + a*b + b**2/2 - ψ), cot(ψ))"
                            },
                            {
                                "operation": 5,
                                "formula_after": "Eq(tan(a**73/77 + a*b + b**2/2 - ψ), cot(ψ))"
                            }
                        ],
                        "complexity": {
                            "edit_distance": null,
                            "score": 4
                        }
                    }
                ]
            }
        ]
    },
    "sum_n_diff_of_two_angl": {
        "rule_name": "sum_n_diff_of_two_angl",
        "original_expression": "sin(α - β) == sin(α) * cos(β) - cos(α) * sin(β)",
        "executions": [
            {
                "transformation_round": 4,
                "num_operations": 10,
                "results": [
                    {
                        "formula": {
                            "left": "sin(alpha - beta)",
                            "right": "sin(alpha)*cos(beta) - sin(beta)*cos(alpha)"
                        },
                        "tricks": [
                            {
                                "operation": 5,
                                "formula_after": "Eq(sin(alpha - beta), sin(alpha)*cos(beta) - sin(beta)*cos(alpha))"
                            }
                        ],
                        "complexity": {
                            "edit_distance": null,
                            "score": 0
                        }
                    }
                ]
            },
            {
                "transformation_round": 8,
                "num_operations": 5,
                "results": [
                    {
                        "formula": {
                            "left": "5*sin(-t + θ)",
                            "right": "-5*sin(t)*cos(θ) + 5*sin(θ)*cos(t)"
                        },
                        "tricks": [
                            {
                                "operation": 4,
                                "formula_after": "Eq(5*sin(alpha - beta), 5*sin(alpha)*cos(beta) - 5*sin(beta)*cos(alpha))"
                            },
                            {
                                "operation": 2,
                                "formula_after": "Eq(5*sin(-t + θ), -5*sin(t)*cos(θ) + 5*sin(θ)*cos(t))"
                            },
                            {
                                "operation": 5,
                                "formula_after": "Eq(23*sin(-t + θ), -91*sin(t)*cos(θ) + 98*sin(θ)*cos(t))"
                            }
                        ],
                        "complexity": {
                            "edit_distance": null,
                            "score": 2
                        }
                    }
                ]
            },
            {
                "transformation_round": 9,
                "num_operations": 3,
                "results": [
                    {
                        "formula": {
                            "left": "14*sin(alpha - beta)",
                            "right": "14*sin(alpha)*cos(beta) - 14*sin(beta)*cos(alpha)"
                        },
                        "tricks": [
                            {
                                "operation": 4,
                                "formula_after": "Eq(2*sin(alpha - beta), 2*sin(alpha)*cos(beta) - 2*sin(beta)*cos(alpha))"
                            },
                            {
                                "operation": 4,
                                "formula_after": "Eq(14*sin(alpha - beta), 14*sin(alpha)*cos(beta) - 14*sin(beta)*cos(alpha))"
                            },
                            {
                                "operation": 7,
                                "formula_after": "Eq(14*sin(alpha - beta), 14*sin(alpha)*cos(beta) - 14*sin(beta)*cos(alpha))"
                            }
                        ],
                        "complexity": {
                            "edit_distance": null,
                            "score": 3
                        }
                    }
                ]
            },
            {
                "transformation_round": 10,
                "num_operations": 8,
                "results": [
                    {
                        "formula": {
                            "left": "sin(-6*a**2*b - 2*b**3)",
                            "right": "sin(a**3 - 3*a**2*b + 3*a*b**2 - b**3)*cos(a**3 + 3*a**2*b + 3*a*b**2 + b**3) - sin(a**3 + 3*a**2*b + 3*a*b**2 + b**3)*cos(a**3 - 3*a**2*b + 3*a*b**2 - b**3)"
                        },
                        "tricks": [
                            {
                                "operation": 3,
                                "formula_after": "Eq(sin(-6*a**2*b - 2*b**3), sin(a**3 - 3*a**2*b + 3*a*b**2 - b**3)*cos(a**3 + 3*a**2*b + 3*a*b**2 + b**3) - sin(a**3 + 3*a**2*b + 3*a*b**2 + b**3)*cos(a**3 - 3*a**2*b + 3*a*b**2 - b**3))"
                            },
                            {
                                "operation": 2,
                                "formula_after": "Eq(sin(-6*a**2*b - 2*b**3), sin(a**3 - 3*a**2*b + 3*a*b**2 - b**3)*cos(a**3 + 3*a**2*b + 3*a*b**2 + b**3) - sin(a**3 + 3*a**2*b + 3*a*b**2 + b**3)*cos(a**3 - 3*a**2*b + 3*a*b**2 - b**3))"
                            },
                            {
                                "operation": 5,
                                "formula_after": "Eq(sin(-6*a**9546*b - 49*b**92), sin(a**3 - 3*a**2*b + 3*a*b**2 - b**3)*cos(a**3 + 3*a**2*b + 3*a*b**2 + b**3) - sin(a**3 + 3*a**2*b + 3*a*b**2 + b**3)*cos(a**3 - 3*a**2*b + 3*a*b**2 - b**3))"
                            }
                        ],
                        "complexity": {
                            "edit_distance": null,
                            "score": 1
                        }
                    }
                ]
            }
        ]
    },
    "prod_n_diff": {
        "rule_name": "prod_n_diff",
        "original_expression": "sin(α) * sin(β) == -(cos(α + β) - cos(α - β)) / 2",
        "executions": [
            {
                "transformation_round": 2,
                "num_operations": 9,
                "results": [
                    {
                        "formula": {
                            "left": "sin(alpha)*sin(beta)",
                            "right": "cos(alpha - beta)/2 - cos(alpha + beta)/2"
                        },
                        "tricks": [
                            {
                                "operation": 5,
                                "formula_after": "Eq(sin(alpha)*sin(beta), cos(alpha - beta)/4 - cos(alpha + beta)/94)"
                            }
                        ],
                        "complexity": {
                            "edit_distance": null,
                            "score": 0
                        }
                    }
                ]
            },
            {
                "transformation_round": 5,
                "num_operations": 1,
                "results": [
                    {
                        "formula": {
                            "left": "sin(alpha)*sin(beta)",
                            "right": "cos(alpha - beta)/2 - cos(alpha + beta)/2"
                        },
                        "tricks": [
                            {
                                "operation": 7,
                                "formula_after": "Eq(sin(alpha)*sin(beta), cos(alpha - beta)/2 - cos(alpha + beta)/2)"
                            }
                        ],
                        "complexity": {
                            "edit_distance": null,
                            "score": 1
                        }
                    }
                ]
            },
            {
                "transformation_round": 6,
                "num_operations": 5,
                "results": [
                    {
                        "formula": {
                            "left": "sin(10)*sin(beta)",
                            "right": "cos(10 - beta)/2 - cos(beta + 10)/2"
                        },
                        "tricks": [
                            {
                                "operation": 1,
                                "formula_after": "Eq(sin(10)*sin(beta), cos(10 - beta)/2 - cos(beta + 10)/2)"
                            },
                            {
                                "operation": 5,
                                "formula_after": "Eq(sin(75)*sin(beta), cos(10 - beta)/30 - cos(beta + 10)/2)"
                            }
                        ],
                        "complexity": {
                            "edit_distance": null,
                            "score": 1
                        }
                    }
                ]
            },
            {
                "transformation_round": 7,
                "num_operations": 1,
                "results": [
                    {
                        "formula": {
                            "left": "sin(alpha)*sin(beta)",
                            "right": "cos(alpha - beta)/2 - cos(alpha + beta)/2"
                        },
                        "tricks": [
                            {
                                "operation": 2,
                                "formula_after": "Eq(sin(k)*sin(α), cos(k - α)/2 - cos(k + α)/2)"
                            }
                        ],
                        "complexity": {
                            "edit_distance": null,
                            "score": 1
                        }
                    }
                ]
            },
            {
                "transformation_round": 8,
                "num_operations": 3,
                "results": [
                    {
                        "formula": {
                            "left": "sin(5)*sin(beta)",
                            "right": "cos(5 - beta)/2 - cos(beta + 5)/2"
                        },
                        "tricks": [
                            {
                                "operation": 1,
                                "formula_after": "Eq(sin(5)*sin(beta), cos(5 - beta)/2 - cos(beta + 5)/2)"
                            },
                            {
                                "operation": 6,
                                "formula_after": "Eq(sin(5)*sin(beta), cos(5 - beta)/2 - cos(beta + 5)/2)"
                            },
                            {
                                "operation": 5,
                                "formula_after": "Eq(sin(2121)*sin(beta), cos(73 - beta)/9 - cos(beta + 5)/2)"
                            }
                        ],
                        "complexity": {
                            "edit_distance": null,
                            "score": 2
                        }
                    }
                ]
            },
            {
                "transformation_round": 9,
                "num_operations": 7,
                "results": [
                    {
                        "formula": {
                            "left": "sin(a_1*n + n*(a**2 - b**2)*(n - 1)/2)*sin((a**2 - 2*a*(a**3 - 3*a**2*b + 3*a*b**2 - b**3) + (a**3 - 3*a**2*b + 3*a*b**2 - b**3)**2)**3 + 3*(a**2 - 2*a*(a**3 - 3*a**2*b + 3*a*b**2 - b**3) + (a**3 - 3*a**2*b + 3*a*b**2 - b**3)**2)**2*(a**3 - 3*a**2*b + 3*a*b**2 - b**3) + 3*(a**2 - 2*a*(a**3 - 3*a**2*b + 3*a*b**2 - b**3) + (a**3 - 3*a**2*b + 3*a*b**2 - b**3)**2)*(a**3 - 3*a**2*b + 3*a*b**2 - b**3)**2 + (a**3 - 3*a**2*b + 3*a*b**2 - b**3)**3)",
                            "right": "cos(-a_1*n - n*(a**2 - b**2)*(n - 1)/2 + (a**2 - 2*a*(a**3 - 3*a**2*b + 3*a*b**2 - b**3) + (a**3 - 3*a**2*b + 3*a*b**2 - b**3)**2)**3 + 3*(a**2 - 2*a*(a**3 - 3*a**2*b + 3*a*b**2 - b**3) + (a**3 - 3*a**2*b + 3*a*b**2 - b**3)**2)**2*(a**3 - 3*a**2*b + 3*a*b**2 - b**3) + 3*(a**2 - 2*a*(a**3 - 3*a**2*b + 3*a*b**2 - b**3) + (a**3 - 3*a**2*b + 3*a*b**2 - b**3)**2)*(a**3 - 3*a**2*b + 3*a*b**2 - b**3)**2 + (a**3 - 3*a**2*b + 3*a*b**2 - b**3)**3)/2 - cos(a_1*n + n*(a**2 - b**2)*(n - 1)/2 + (a**2 - 2*a*(a**3 - 3*a**2*b + 3*a*b**2 - b**3) + (a**3 - 3*a**2*b + 3*a*b**2 - b**3)**2)**3 + 3*(a**2 - 2*a*(a**3 - 3*a**2*b + 3*a*b**2 - b**3) + (a**3 - 3*a**2*b + 3*a*b**2 - b**3)**2)**2*(a**3 - 3*a**2*b + 3*a*b**2 - b**3) + 3*(a**2 - 2*a*(a**3 - 3*a**2*b + 3*a*b**2 - b**3) + (a**3 - 3*a**2*b + 3*a*b**2 - b**3)**2)*(a**3 - 3*a**2*b + 3*a*b**2 - b**3)**2 + (a**3 - 3*a**2*b + 3*a*b**2 - b**3)**3)/2"
                        },
                        "tricks": [
                            {
                                "operation": 2,
                                "formula_after": "Eq(sin(B)*sin(g), cos(B - g)/2 - cos(B + g)/2)"
                            },
                            {
                                "operation": 7,
                                "formula_after": "Eq(sin(B)*sin(g), cos(B - g)/2 - cos(B + g)/2)"
                            },
                            {
                                "operation": 7,
                                "formula_after": "Eq(sin(B)*sin(g), cos(B - g)/2 - cos(B + g)/2)"
                            },
                            {
                                "operation": 3,
                                "formula_after": "Eq(sin(g)*sin(a**3 + 3*a**2*b + 3*a*b**2 + b**3), cos(a**3 + 3*a**2*b + 3*a*b**2 + b**3 - g)/2 - cos(a**3 + 3*a**2*b + 3*a*b**2 + b**3 + g)/2)"
                            },
                            {
                                "operation": 3,
                                "formula_after": "Eq(sin(a_1*n + d*n*(n - 1)/2)*sin((a**2 - 2*a*(a**3 - 3*a**2*b + 3*a*b**2 - b**3) + (a**3 - 3*a**2*b + 3*a*b**2 - b**3)**2)**3 + 3*(a**2 - 2*a*(a**3 - 3*a**2*b + 3*a*b**2 - b**3) + (a**3 - 3*a**2*b + 3*a*b**2 - b**3)**2)**2*(a**3 - 3*a**2*b + 3*a*b**2 - b**3) + 3*(a**2 - 2*a*(a**3 - 3*a**2*b + 3*a*b**2 - b**3) + (a**3 - 3*a**2*b + 3*a*b**2 - b**3)**2)*(a**3 - 3*a**2*b + 3*a*b**2 - b**3)**2 + (a**3 - 3*a**2*b + 3*a*b**2 - b**3)**3), cos(-a_1*n - d*n*(n - 1)/2 + (a**2 - 2*a*(a**3 - 3*a**2*b + 3*a*b**2 - b**3) + (a**3 - 3*a**2*b + 3*a*b**2 - b**3)**2)**3 + 3*(a**2 - 2*a*(a**3 - 3*a**2*b + 3*a*b**2 - b**3) + (a**3 - 3*a**2*b + 3*a*b**2 - b**3)**2)**2*(a**3 - 3*a**2*b + 3*a*b**2 - b**3) + 3*(a**2 - 2*a*(a**3 - 3*a**2*b + 3*a*b**2 - b**3) + (a**3 - 3*a**2*b + 3*a*b**2 - b**3)**2)*(a**3 - 3*a**2*b + 3*a*b**2 - b**3)**2 + (a**3 - 3*a**2*b + 3*a*b**2 - b**3)**3)/2 - cos(a_1*n + d*n*(n - 1)/2 + (a**2 - 2*a*(a**3 - 3*a**2*b + 3*a*b**2 - b**3) + (a**3 - 3*a**2*b + 3*a*b**2 - b**3)**2)**3 + 3*(a**2 - 2*a*(a**3 - 3*a**2*b + 3*a*b**2 - b**3) + (a**3 - 3*a**2*b + 3*a*b**2 - b**3)**2)**2*(a**3 - 3*a**2*b + 3*a*b**2 - b**3) + 3*(a**2 - 2*a*(a**3 - 3*a**2*b + 3*a*b**2 - b**3) + (a**3 - 3*a**2*b + 3*a*b**2 - b**3)**2)*(a**3 - 3*a**2*b + 3*a*b**2 - b**3)**2 + (a**3 - 3*a**2*b + 3*a*b**2 - b**3)**3)/2)"
                            },
                            {
                                "operation": 3,
                                "formula_after": "Eq(sin(a_1*n + n*(a**2 - b**2)*(n - 1)/2)*sin((a**2 - 2*a*(a**3 - 3*a**2*b + 3*a*b**2 - b**3) + (a**3 - 3*a**2*b + 3*a*b**2 - b**3)**2)**3 + 3*(a**2 - 2*a*(a**3 - 3*a**2*b + 3*a*b**2 - b**3) + (a**3 - 3*a**2*b + 3*a*b**2 - b**3)**2)**2*(a**3 - 3*a**2*b + 3*a*b**2 - b**3) + 3*(a**2 - 2*a*(a**3 - 3*a**2*b + 3*a*b**2 - b**3) + (a**3 - 3*a**2*b + 3*a*b**2 - b**3)**2)*(a**3 - 3*a**2*b + 3*a*b**2 - b**3)**2 + (a**3 - 3*a**2*b + 3*a*b**2 - b**3)**3), cos(-a_1*n - n*(a**2 - b**2)*(n - 1)/2 + (a**2 - 2*a*(a**3 - 3*a**2*b + 3*a*b**2 - b**3) + (a**3 - 3*a**2*b + 3*a*b**2 - b**3)**2)**3 + 3*(a**2 - 2*a*(a**3 - 3*a**2*b + 3*a*b**2 - b**3) + (a**3 - 3*a**2*b + 3*a*b**2 - b**3)**2)**2*(a**3 - 3*a**2*b + 3*a*b**2 - b**3) + 3*(a**2 - 2*a*(a**3 - 3*a**2*b + 3*a*b**2 - b**3) + (a**3 - 3*a**2*b + 3*a*b**2 - b**3)**2)*(a**3 - 3*a**2*b + 3*a*b**2 - b**3)**2 + (a**3 - 3*a**2*b + 3*a*b**2 - b**3)**3)/2 - cos(a_1*n + n*(a**2 - b**2)*(n - 1)/2 + (a**2 - 2*a*(a**3 - 3*a**2*b + 3*a*b**2 - b**3) + (a**3 - 3*a**2*b + 3*a*b**2 - b**3)**2)**3 + 3*(a**2 - 2*a*(a**3 - 3*a**2*b + 3*a*b**2 - b**3) + (a**3 - 3*a**2*b + 3*a*b**2 - b**3)**2)**2*(a**3 - 3*a**2*b + 3*a*b**2 - b**3) + 3*(a**2 - 2*a*(a**3 - 3*a**2*b + 3*a*b**2 - b**3) + (a**3 - 3*a**2*b + 3*a*b**2 - b**3)**2)*(a**3 - 3*a**2*b + 3*a*b**2 - b**3)**2 + (a**3 - 3*a**2*b + 3*a*b**2 - b**3)**3)/2)"
                            },
                            {
                                "operation": 7,
                                "formula_after": "Eq(sin(a_1*n + n*(a**2 - b**2)*(n - 1)/2)*sin((a**2 - 2*a*(a**3 - 3*a**2*b + 3*a*b**2 - b**3) + (a**3 - 3*a**2*b + 3*a*b**2 - b**3)**2)**3 + 3*(a**2 - 2*a*(a**3 - 3*a**2*b + 3*a*b**2 - b**3) + (a**3 - 3*a**2*b + 3*a*b**2 - b**3)**2)**2*(a**3 - 3*a**2*b + 3*a*b**2 - b**3) + 3*(a**2 - 2*a*(a**3 - 3*a**2*b + 3*a*b**2 - b**3) + (a**3 - 3*a**2*b + 3*a*b**2 - b**3)**2)*(a**3 - 3*a**2*b + 3*a*b**2 - b**3)**2 + (a**3 - 3*a**2*b + 3*a*b**2 - b**3)**3), cos(-a_1*n - n*(a**2 - b**2)*(n - 1)/2 + (a**2 - 2*a*(a**3 - 3*a**2*b + 3*a*b**2 - b**3) + (a**3 - 3*a**2*b + 3*a*b**2 - b**3)**2)**3 + 3*(a**2 - 2*a*(a**3 - 3*a**2*b + 3*a*b**2 - b**3) + (a**3 - 3*a**2*b + 3*a*b**2 - b**3)**2)**2*(a**3 - 3*a**2*b + 3*a*b**2 - b**3) + 3*(a**2 - 2*a*(a**3 - 3*a**2*b + 3*a*b**2 - b**3) + (a**3 - 3*a**2*b + 3*a*b**2 - b**3)**2)*(a**3 - 3*a**2*b + 3*a*b**2 - b**3)**2 + (a**3 - 3*a**2*b + 3*a*b**2 - b**3)**3)/2 - cos(a_1*n + n*(a**2 - b**2)*(n - 1)/2 + (a**2 - 2*a*(a**3 - 3*a**2*b + 3*a*b**2 - b**3) + (a**3 - 3*a**2*b + 3*a*b**2 - b**3)**2)**3 + 3*(a**2 - 2*a*(a**3 - 3*a**2*b + 3*a*b**2 - b**3) + (a**3 - 3*a**2*b + 3*a*b**2 - b**3)**2)**2*(a**3 - 3*a**2*b + 3*a*b**2 - b**3) + 3*(a**2 - 2*a*(a**3 - 3*a**2*b + 3*a*b**2 - b**3) + (a**3 - 3*a**2*b + 3*a*b**2 - b**3)**2)*(a**3 - 3*a**2*b + 3*a*b**2 - b**3)**2 + (a**3 - 3*a**2*b + 3*a*b**2 - b**3)**3)/2)"
                            }
                        ],
                        "complexity": {
                            "edit_distance": null,
                            "score": 6
                        }
                    }
                ]
            }
        ]
    },
    "sum_n_diff_prod": {
        "rule_name": "sum_n_diff_prod",
        "original_expression": "cos(α) - cos(β) == -2 * sin((α + β) / 2) * sin((α - β) / 2)",
        "executions": [
            {
                "transformation_round": 3,
                "num_operations": 6,
                "results": [
                    {
                        "formula": {
                            "left": "cos(alpha) - cos(beta)",
                            "right": "-2*sin(alpha/2 - beta/2)*sin(alpha/2 + beta/2)"
                        },
                        "tricks": [
                            {
                                "operation": 5,
                                "formula_after": "Eq(cos(alpha) - cos(beta), -87*sin(alpha/11 - beta/47)*sin(alpha/74 + beta/20))"
                            }
                        ],
                        "complexity": {
                            "edit_distance": null,
                            "score": 0
                        }
                    }
                ]
            },
            {
                "transformation_round": 4,
                "num_operations": 8,
                "results": [
                    {
                        "formula": {
                            "left": "cos(alpha) - cos(beta)",
                            "right": "-2*sin(alpha/2 - beta/2)*sin(alpha/2 + beta/2)"
                        },
                        "tricks": [
                            {
                                "operation": 5,
                                "formula_after": "Eq(cos(alpha) - cos(beta), -86*sin(alpha/73 - beta/87)*sin(alpha/28 + beta/2))"
                            }
                        ],
                        "complexity": {
                            "edit_distance": null,
                            "score": 0
                        }
                    }
                ]
            },
            {
                "transformation_round": 5,
                "num_operations": 6,
                "results": [
                    {
                        "formula": {
                            "left": "cos(alpha) - cos(beta)",
                            "right": "-2*sin(alpha/2 - beta/2)*sin(alpha/2 + beta/2)"
                        },
                        "tricks": [
                            {
                                "operation": 5,
                                "formula_after": "Eq(cos(alpha) - cos(beta), -57*sin(alpha/99 - beta/2)*sin(alpha/2 + beta/2))"
                            }
                        ],
                        "complexity": {
                            "edit_distance": null,
                            "score": 0
                        }
                    }
                ]
            },
            {
                "transformation_round": 8,
                "num_operations": 6,
                "results": [
                    {
                        "formula": {
                            "left": "cos(alpha) - cos(beta)",
                            "right": "-2*sin(alpha/2 - beta/2)*sin(alpha/2 + beta/2)"
                        },
                        "tricks": [
                            {
                                "operation": 5,
                                "formula_after": "Eq(cos(alpha) - cos(beta), -45*sin(alpha/39 - beta/435)*sin(alpha/2 + beta/2))"
                            }
                        ],
                        "complexity": {
                            "edit_distance": null,
                            "score": 0
                        }
                    }
                ]
            },
            {
                "transformation_round": 10,
                "num_operations": 2,
                "results": [
                    {
                        "formula": {
                            "left": "cos(alpha) - cos(beta)",
                            "right": "-2*sin(alpha/2 - beta/2)*sin(alpha/2 + beta/2)"
                        },
                        "tricks": [
                            {
                                "operation": 6,
                                "formula_after": "Eq(cos(alpha) - cos(beta), -2*sin(alpha/2 - beta/2)*sin(alpha/2 + beta/2))"
                            },
                            {
                                "operation": 6,
                                "formula_after": "Eq(cos(alpha) - cos(beta), -2*sin(alpha/2 - beta/2)*sin(alpha/2 + beta/2))"
                            }
                        ],
                        "complexity": {
                            "edit_distance": null,
                            "score": 2
                        }
                    }
                ]
            }
        ]
    }
}